id,name,birth_day,career
1,√çgor Pedro,Tue Nov 02 1993 00:00:00 GMT-0200 (Brasilia Summer Time),Desenvolvedor
2,Myca Androlli,Wed Jul 10 2019 00:00:00 GMT-0300 (Brasilia Standard Time),Financial Advisor
3,Gustavus Kinghorn,Mon Aug 05 2019 00:00:00 GMT-0300 (Brasilia Standard Time),Food Chemist
4,Mikkel Cash,Wed Oct 16 2019 00:00:00 GMT-0300 (Brasilia Standard Time),Health Coach III
5,Wain Anning,Sun May 05 2019 00:00:00 GMT-0300 (Brasilia Standard Time),Accountant III
6,Brianna Cragg,Wed Jul 24 2019 00:00:00 GMT-0300 (Brasilia Standard Time),Clinical Specialist
7,Hesther Laffin,Tue Jul 23 2019 00:00:00 GMT-0300 (Brasilia Standard Time),Structural Analysis Engineer
8,Panchito Mylechreest,Sat Sep 21 2019 00:00:00 GMT-0300 (Brasilia Standard Time),Community Outreach Specialist
9,Bria May,Wed Jul 10 2019 00:00:00 GMT-0300 (Brasilia Standard Time),Environmental Specialist
10,Florance Bickley,Mon Feb 03 2020 00:00:00 GMT-0300 (Brasilia Standard Time),VP Sales
11,Hinze Rogister,Fri Sep 27 2019 00:00:00 GMT-0300 (Brasilia Standard Time),Structural Engineer
12,Mirella Urien,Sat Nov 16 2019 00:00:00 GMT-0300 (Brasilia Standard Time),Computer Systems Analyst IV
13,Lianne Stoter,Mon May 27 2019 00:00:00 GMT-0300 (Brasilia Standard Time),Nurse Practicioner
14,Mariana Imesson,Thu Dec 26 2019 00:00:00 GMT-0300 (Brasilia Standard Time),Nurse
15,Alica Childs,Thu Jun 13 2019 00:00:00 GMT-0300 (Brasilia Standard Time),Health Coach II
16,Sergei Garz,Wed Apr 17 2019 00:00:00 GMT-0300 (Brasilia Standard Time),VP Marketing
17,Ruy Deverille,Thu Aug 08 2019 00:00:00 GMT-0300 (Brasilia Standard Time),Structural Engineer
18,Tremaine I'anson,Sat Nov 09 2019 00:00:00 GMT-0300 (Brasilia Standard Time),Nurse Practicioner
19,Berta Aizikov,Tue Mar 12 2019 00:00:00 GMT-0300 (Brasilia Standard Time),Mechanical Systems Engineer
20,Valery Carmody,Fri Nov 08 2019 00:00:00 GMT-0300 (Brasilia Standard Time),Operator
21,Amanda Lidgard,Tue Mar 26 2019 00:00:00 GMT-0300 (Brasilia Standard Time),Programmer Analyst II
22,Rickard Yearn,Fri May 10 2019 00:00:00 GMT-0300 (Brasilia Standard Time),Graphic Designer
23,Smitty Negri,Sat Sep 07 2019 00:00:00 GMT-0300 (Brasilia Standard Time),Dental Hygienist
24,Adolphus Errol,Mon Dec 02 2019 00:00:00 GMT-0300 (Brasilia Standard Time),Sales Associate
25,Raye Keeves,Sun Feb 09 2020 00:00:00 GMT-0300 (Brasilia Standard Time),Health Coach III
26,Meghann Goodridge,Thu Jul 25 2019 00:00:00 GMT-0300 (Brasilia Standard Time),VP Accounting
27,Ashlin Danahar,Sat Mar 23 2019 00:00:00 GMT-0300 (Brasilia Standard Time),Statistician II
28,Dacy Patzelt,Fri Aug 30 2019 00:00:00 GMT-0300 (Brasilia Standard Time),VP Accounting
29,Ammamaria Punt,Fri Sep 13 2019 00:00:00 GMT-0300 (Brasilia Standard Time),Research Associate
30,Prent Wallbridge,Mon Aug 05 2019 00:00:00 GMT-0300 (Brasilia Standard Time),Staff Accountant II
31,Debera Carden,Wed Aug 14 2019 00:00:00 GMT-0300 (Brasilia Standard Time),Automation Specialist II
32,Rodd Diaper,Tue Jun 11 2019 00:00:00 GMT-0300 (Brasilia Standard Time),Actuary
33,Hayyim Renneke,Thu Dec 05 2019 00:00:00 GMT-0300 (Brasilia Standard Time),Teacher
34,Franny Rief,Wed Mar 13 2019 00:00:00 GMT-0300 (Brasilia Standard Time),Civil Engineer
35,Caritta Wayland,Wed May 08 2019 00:00:00 GMT-0300 (Brasilia Standard Time),Food Chemist
36,Jermayne Yakhin,Tue Oct 15 2019 00:00:00 GMT-0300 (Brasilia Standard Time),GIS Technical Architect
37,Tara Trewhella,Sat May 18 2019 00:00:00 GMT-0300 (Brasilia Standard Time),Senior Financial Analyst
38,Grace Dane,Thu Mar 07 2019 00:00:00 GMT-0300 (Brasilia Standard Time),Analog Circuit Design manager
39,Elyssa Troup,Thu Mar 28 2019 00:00:00 GMT-0300 (Brasilia Standard Time),Geologist III
40,Brandtr Burgwyn,Sat Jun 01 2019 00:00:00 GMT-0300 (Brasilia Standard Time),Occupational Therapist
41,Malynda Roony,Fri Aug 23 2019 00:00:00 GMT-0300 (Brasilia Standard Time),Legal Assistant
42,Emmalynne Farguhar,Wed Jun 19 2019 00:00:00 GMT-0300 (Brasilia Standard Time),Staff Scientist
43,Bailey Eccleshall,Wed Nov 06 2019 00:00:00 GMT-0300 (Brasilia Standard Time),Environmental Specialist
44,Reidar Keal,Mon May 20 2019 00:00:00 GMT-0300 (Brasilia Standard Time),Pharmacist
45,Clevey Sauvage,Thu Jan 30 2020 00:00:00 GMT-0300 (Brasilia Standard Time),Recruiter
46,Carmela Bleacher,Fri Sep 27 2019 00:00:00 GMT-0300 (Brasilia Standard Time),Programmer Analyst III
47,Anallise Bloxland,Thu May 23 2019 00:00:00 GMT-0300 (Brasilia Standard Time),Business Systems Development Analyst
48,Tiler Dumini,Wed Oct 16 2019 00:00:00 GMT-0300 (Brasilia Standard Time),Physical Therapy Assistant
49,Neal Gamell,Tue Jun 11 2019 00:00:00 GMT-0300 (Brasilia Standard Time),Project Manager
50,Ron Blasio,Mon Nov 04 2019 00:00:00 GMT-0300 (Brasilia Standard Time),Developer II
51,Jsandye Newlands,Tue Aug 06 2019 00:00:00 GMT-0300 (Brasilia Standard Time),Actuary
52,Giusto Mixture,Thu Mar 28 2019 00:00:00 GMT-0300 (Brasilia Standard Time),Software Engineer IV
53,Rodolph Moreton,Wed Oct 09 2019 00:00:00 GMT-0300 (Brasilia Standard Time),Internal Auditor
54,Clarice Helm,Fri Jul 05 2019 00:00:00 GMT-0300 (Brasilia Standard Time),Software Consultant
55,Kaye Horlick,Thu Oct 10 2019 00:00:00 GMT-0300 (Brasilia Standard Time),General Manager
56,Chloette Olerenshaw,Fri Jan 31 2020 00:00:00 GMT-0300 (Brasilia Standard Time),Staff Scientist
57,Pru Hurst,Fri Jul 12 2019 00:00:00 GMT-0300 (Brasilia Standard Time),Safety Technician III
58,Alicia Batty,Fri May 31 2019 00:00:00 GMT-0300 (Brasilia Standard Time),Financial Analyst
59,Kellyann Purdie,Fri May 10 2019 00:00:00 GMT-0300 (Brasilia Standard Time),Project Manager
60,Kania Prayer,Sat Mar 02 2019 00:00:00 GMT-0300 (Brasilia Standard Time),GIS Technical Architect
61,Vidovic Dunbleton,Wed Sep 11 2019 00:00:00 GMT-0300 (Brasilia Standard Time),VP Sales
62,Angelique Hatchard,Mon Aug 26 2019 00:00:00 GMT-0300 (Brasilia Standard Time),Safety Technician I
63,Bambie Slade,Tue Jul 02 2019 00:00:00 GMT-0300 (Brasilia Standard Time),Safety Technician III
64,Taffy MacFaul,Mon Nov 18 2019 00:00:00 GMT-0300 (Brasilia Standard Time),Chemical Engineer
65,Bernadene McGow,Mon Dec 02 2019 00:00:00 GMT-0300 (Brasilia Standard Time),Programmer IV
66,Normie Midlar,Wed Oct 02 2019 00:00:00 GMT-0300 (Brasilia Standard Time),Media Manager III
67,Rubin Zink,Sat Apr 20 2019 00:00:00 GMT-0300 (Brasilia Standard Time),Web Designer IV
68,Jami Hrachovec,Sat Apr 20 2019 00:00:00 GMT-0300 (Brasilia Standard Time),Quality Control Specialist
69,Thorny Konke,Sun Mar 24 2019 00:00:00 GMT-0300 (Brasilia Standard Time),Account Representative II
70,Glynn Diggar,Sat Jul 27 2019 00:00:00 GMT-0300 (Brasilia Standard Time),Help Desk Operator
71,Mahmud Yo,Wed Apr 24 2019 00:00:00 GMT-0300 (Brasilia Standard Time),Librarian
72,Conan Jaxon,Tue Mar 19 2019 00:00:00 GMT-0300 (Brasilia Standard Time),Administrative Officer
73,Stephenie Tees,Thu Jun 13 2019 00:00:00 GMT-0300 (Brasilia Standard Time),Sales Representative
74,Sergio Geffe,Sun Mar 24 2019 00:00:00 GMT-0300 (Brasilia Standard Time),Payment Adjustment Coordinator
75,Cindi Fowles,Sat Apr 27 2019 00:00:00 GMT-0300 (Brasilia Standard Time),Recruiter
76,Rem Sprowson,Mon Apr 01 2019 00:00:00 GMT-0300 (Brasilia Standard Time),Chief Design Engineer
77,Udale Berrisford,Sun Sep 15 2019 00:00:00 GMT-0300 (Brasilia Standard Time),Technical Writer
78,Caryl Esposita,Thu Sep 19 2019 00:00:00 GMT-0300 (Brasilia Standard Time),Senior Financial Analyst
79,Teodor Pirozzi,Fri Apr 26 2019 00:00:00 GMT-0300 (Brasilia Standard Time),Account Coordinator
80,Indira Meth,Sun Jul 14 2019 00:00:00 GMT-0300 (Brasilia Standard Time),Recruiting Manager
81,Brianne Jadczak,Fri Jul 19 2019 00:00:00 GMT-0300 (Brasilia Standard Time),Engineer I
82,Daisey De Bruin,Tue Oct 01 2019 00:00:00 GMT-0300 (Brasilia Standard Time),Librarian
83,Julissa Robberts,Mon Sep 16 2019 00:00:00 GMT-0300 (Brasilia Standard Time),Physical Therapy Assistant
84,Billi Tabner,Wed Feb 27 2019 00:00:00 GMT-0300 (Brasilia Standard Time),Technical Writer
85,Oates Caverhill,Sun Oct 20 2019 00:00:00 GMT-0300 (Brasilia Standard Time),VP Sales
86,Jerad Macer,Fri May 31 2019 00:00:00 GMT-0300 (Brasilia Standard Time),Analog Circuit Design manager
87,Cristobal Poplee,Tue May 07 2019 00:00:00 GMT-0300 (Brasilia Standard Time),Paralegal
88,Loutitia Daveren,Fri Jun 14 2019 00:00:00 GMT-0300 (Brasilia Standard Time),Administrative Assistant III
89,Ermengarde Valentine,Tue Aug 20 2019 00:00:00 GMT-0300 (Brasilia Standard Time),Analyst Programmer
90,Pepe Hansom,Tue Aug 27 2019 00:00:00 GMT-0300 (Brasilia Standard Time),Speech Pathologist
91,Sydney Rannald,Sun Dec 15 2019 00:00:00 GMT-0300 (Brasilia Standard Time),Food Chemist
92,Ruddie Jansema,Sun Mar 10 2019 00:00:00 GMT-0300 (Brasilia Standard Time),Business Systems Development Analyst
93,Minna Beals,Wed Sep 04 2019 00:00:00 GMT-0300 (Brasilia Standard Time),Office Assistant II
94,Cyb Kennelly,Mon Apr 22 2019 00:00:00 GMT-0300 (Brasilia Standard Time),Help Desk Technician
95,Marissa Byneth,Thu Aug 15 2019 00:00:00 GMT-0300 (Brasilia Standard Time),Developer III
96,Inness Charge,Sun Dec 15 2019 00:00:00 GMT-0300 (Brasilia Standard Time),Registered Nurse
97,Cleopatra Crake,Wed Jul 10 2019 00:00:00 GMT-0300 (Brasilia Standard Time),Environmental Tech
98,Fiann Knight,Tue May 21 2019 00:00:00 GMT-0300 (Brasilia Standard Time),Marketing Manager
99,Vaclav Battabee,Mon Jul 01 2019 00:00:00 GMT-0300 (Brasilia Standard Time),Assistant Media Planner
100,Baily Pickersgill,Tue May 21 2019 00:00:00 GMT-0300 (Brasilia Standard Time),Senior Financial Analyst
101,Lizabeth Itter,Thu Dec 12 2019 00:00:00 GMT-0300 (Brasilia Standard Time),Financial Advisor
102,Burgess Hartington,Sat Aug 17 2019 00:00:00 GMT-0300 (Brasilia Standard Time),Software Test Engineer III
103,Christen Gladdin,Wed Apr 03 2019 00:00:00 GMT-0300 (Brasilia Standard Time),Speech Pathologist
104,Niles Musk,Sat Jan 04 2020 00:00:00 GMT-0300 (Brasilia Standard Time),Project Manager
105,Augusto Clashe,Tue Jan 07 2020 00:00:00 GMT-0300 (Brasilia Standard Time),Account Coordinator
106,Noel Langsdon,Mon Apr 08 2019 00:00:00 GMT-0300 (Brasilia Standard Time),Legal Assistant
107,Ryan Sheards,Sat Jan 11 2020 00:00:00 GMT-0300 (Brasilia Standard Time),Editor
108,Hermie Graeber,Thu Apr 25 2019 00:00:00 GMT-0300 (Brasilia Standard Time),Technical Writer
109,Fair Surr,Fri Jan 31 2020 00:00:00 GMT-0300 (Brasilia Standard Time),Technical Writer
110,Walt Lowater,Mon Sep 30 2019 00:00:00 GMT-0300 (Brasilia Standard Time),Senior Financial Analyst
111,Patty Heinonen,Wed Dec 25 2019 00:00:00 GMT-0300 (Brasilia Standard Time),Staff Scientist
112,Renato Goodinge,Thu Sep 05 2019 00:00:00 GMT-0300 (Brasilia Standard Time),Graphic Designer
113,Carmencita Nichols,Wed Jan 08 2020 00:00:00 GMT-0300 (Brasilia Standard Time),Technical Writer
114,Byran Dockwra,Sat Nov 02 2019 00:00:00 GMT-0300 (Brasilia Standard Time),Paralegal
115,Leone Scudder,Wed Apr 24 2019 00:00:00 GMT-0300 (Brasilia Standard Time),Media Manager II
116,Clovis Sousa,Mon Sep 02 2019 00:00:00 GMT-0300 (Brasilia Standard Time),Accountant III
117,Lancelot Whenham,Thu Apr 18 2019 00:00:00 GMT-0300 (Brasilia Standard Time),VP Sales
118,Antonin Ashington,Wed Nov 27 2019 00:00:00 GMT-0300 (Brasilia Standard Time),Safety Technician II
119,Quincy Verlinden,Mon Sep 09 2019 00:00:00 GMT-0300 (Brasilia Standard Time),Environmental Specialist
120,Torin Shilston,Wed Jun 05 2019 00:00:00 GMT-0300 (Brasilia Standard Time),Professor
121,Jacquetta Tapscott,Sun Jun 02 2019 00:00:00 GMT-0300 (Brasilia Standard Time),Web Designer I
122,Abbye Mayoh,Sat May 25 2019 00:00:00 GMT-0300 (Brasilia Standard Time),VP Marketing
123,Vivianne Elham,Tue Sep 24 2019 00:00:00 GMT-0300 (Brasilia Standard Time),VP Product Management
124,Dorri Leon,Sun Jan 19 2020 00:00:00 GMT-0300 (Brasilia Standard Time),Registered Nurse
125,Rikki Whannel,Sun Apr 21 2019 00:00:00 GMT-0300 (Brasilia Standard Time),Account Executive
126,Bonnie Morat,Mon Feb 25 2019 00:00:00 GMT-0300 (Brasilia Standard Time),Librarian
127,Gaby Rodson,Tue Jan 21 2020 00:00:00 GMT-0300 (Brasilia Standard Time),Research Associate
128,Carmine Teas,Mon Jun 03 2019 00:00:00 GMT-0300 (Brasilia Standard Time),Technical Writer
129,Elinore MacGahey,Tue Feb 26 2019 00:00:00 GMT-0300 (Brasilia Standard Time),Health Coach IV
130,Merrilee Vankin,Sat Feb 23 2019 00:00:00 GMT-0300 (Brasilia Standard Time),Analog Circuit Design manager
131,Horacio Wiltshier,Wed Jun 19 2019 00:00:00 GMT-0300 (Brasilia Standard Time),Product Engineer
132,Emmalee Betjes,Tue Sep 17 2019 00:00:00 GMT-0300 (Brasilia Standard Time),Recruiting Manager
133,Bennie Trumper,Fri Jul 26 2019 00:00:00 GMT-0300 (Brasilia Standard Time),Developer IV
134,Tiebout Stokoe,Wed Jul 03 2019 00:00:00 GMT-0300 (Brasilia Standard Time),Senior Cost Accountant
135,Cullie Kamiyama,Sat May 25 2019 00:00:00 GMT-0300 (Brasilia Standard Time),Community Outreach Specialist
136,Vilma Hastie,Fri Dec 06 2019 00:00:00 GMT-0300 (Brasilia Standard Time),Senior Developer
137,Dory Pridmore,Tue May 21 2019 00:00:00 GMT-0300 (Brasilia Standard Time),Senior Financial Analyst
138,Shay Goaks,Fri Mar 08 2019 00:00:00 GMT-0300 (Brasilia Standard Time),Account Executive
139,Hussein Stoves,Wed Jun 12 2019 00:00:00 GMT-0300 (Brasilia Standard Time),Assistant Manager
140,Margarete Bunhill,Fri Aug 23 2019 00:00:00 GMT-0300 (Brasilia Standard Time),Research Assistant II
141,Aleta Forgan,Wed Jan 29 2020 00:00:00 GMT-0300 (Brasilia Standard Time),Software Engineer IV
142,Andra Lohrensen,Mon Aug 05 2019 00:00:00 GMT-0300 (Brasilia Standard Time),Civil Engineer
143,Walt Camelli,Fri Feb 14 2020 00:00:00 GMT-0300 (Brasilia Standard Time),Systems Administrator IV
144,Sheelah Lesly,Fri Jan 31 2020 00:00:00 GMT-0300 (Brasilia Standard Time),Analog Circuit Design manager
145,Crissy Leveret,Thu Dec 19 2019 00:00:00 GMT-0300 (Brasilia Standard Time),Nuclear Power Engineer
146,Eadith Jurisch,Fri Jul 05 2019 00:00:00 GMT-0300 (Brasilia Standard Time),Financial Analyst
147,Marlo Shinfield,Wed Apr 24 2019 00:00:00 GMT-0300 (Brasilia Standard Time),Programmer Analyst III
148,Lyndsey Asplin,Wed Jan 01 2020 00:00:00 GMT-0300 (Brasilia Standard Time),Editor
149,Carlos Loughlin,Fri Jun 14 2019 00:00:00 GMT-0300 (Brasilia Standard Time),Engineer IV
150,Eva Kasting,Tue Jan 14 2020 00:00:00 GMT-0300 (Brasilia Standard Time),Engineer III
151,Tasha Kaley,Sun Sep 15 2019 00:00:00 GMT-0300 (Brasilia Standard Time),Account Representative II
152,Saxon Cremen,Sat Jul 06 2019 00:00:00 GMT-0300 (Brasilia Standard Time),Account Executive
153,Leisha Race,Wed Jan 22 2020 00:00:00 GMT-0300 (Brasilia Standard Time),Budget/Accounting Analyst II
154,Shea Bentall,Thu Feb 21 2019 00:00:00 GMT-0300 (Brasilia Standard Time),Environmental Specialist
155,Lonee Rastrick,Sat Jun 29 2019 00:00:00 GMT-0300 (Brasilia Standard Time),Research Associate
156,Nance Kiraly,Wed Aug 21 2019 00:00:00 GMT-0300 (Brasilia Standard Time),Senior Developer
157,Brockie Laidlaw,Thu Aug 22 2019 00:00:00 GMT-0300 (Brasilia Standard Time),Paralegal
158,Kerianne Relton,Fri Jun 21 2019 00:00:00 GMT-0300 (Brasilia Standard Time),Systems Administrator II
159,Timmie Writtle,Wed Oct 30 2019 00:00:00 GMT-0300 (Brasilia Standard Time),Chief Design Engineer
160,Darwin Joao,Wed Aug 28 2019 00:00:00 GMT-0300 (Brasilia Standard Time),VP Accounting
161,Rory Pagon,Mon Sep 16 2019 00:00:00 GMT-0300 (Brasilia Standard Time),Electrical Engineer
162,Griffith Yendall,Mon Mar 11 2019 00:00:00 GMT-0300 (Brasilia Standard Time),Account Executive
163,Abraham Bignal,Tue Sep 17 2019 00:00:00 GMT-0300 (Brasilia Standard Time),Desktop Support Technician
164,Alidia Brayson,Fri Jan 03 2020 00:00:00 GMT-0300 (Brasilia Standard Time),Structural Engineer
165,Zorina Whymark,Thu Aug 01 2019 00:00:00 GMT-0300 (Brasilia Standard Time),Media Manager I
166,Doralia Gutherson,Mon Jul 29 2019 00:00:00 GMT-0300 (Brasilia Standard Time),Programmer Analyst III
167,Coop Jockle,Fri May 10 2019 00:00:00 GMT-0300 (Brasilia Standard Time),Senior Cost Accountant
168,Marchelle Palffy,Sun Jun 09 2019 00:00:00 GMT-0300 (Brasilia Standard Time),Assistant Professor
169,Atlanta Davys,Mon Jan 06 2020 00:00:00 GMT-0300 (Brasilia Standard Time),Editor
170,Sibeal Pinilla,Sat Dec 21 2019 00:00:00 GMT-0300 (Brasilia Standard Time),Teacher
171,Vanya Headford,Fri May 17 2019 00:00:00 GMT-0300 (Brasilia Standard Time),Statistician IV
172,Elwood Beagin,Sat May 18 2019 00:00:00 GMT-0300 (Brasilia Standard Time),Clinical Specialist
173,Zondra Conwell,Sat Apr 06 2019 00:00:00 GMT-0300 (Brasilia Standard Time),Design Engineer
174,Andonis Spreadbury,Wed Oct 09 2019 00:00:00 GMT-0300 (Brasilia Standard Time),Software Engineer II
175,Delores Leatherbarrow,Wed Apr 03 2019 00:00:00 GMT-0300 (Brasilia Standard Time),Dental Hygienist
176,Aile de Aguirre,Tue Sep 10 2019 00:00:00 GMT-0300 (Brasilia Standard Time),Teacher
177,Sofia Befroy,Tue Oct 29 2019 00:00:00 GMT-0300 (Brasilia Standard Time),Mechanical Systems Engineer
178,Orren McBrier,Sat Jun 15 2019 00:00:00 GMT-0300 (Brasilia Standard Time),Marketing Manager
179,Costa Nottram,Mon Feb 10 2020 00:00:00 GMT-0300 (Brasilia Standard Time),Executive Secretary
180,Hewett Message,Sun Jul 21 2019 00:00:00 GMT-0300 (Brasilia Standard Time),Recruiting Manager
181,Denny Eades,Mon Jul 22 2019 00:00:00 GMT-0300 (Brasilia Standard Time),GIS Technical Architect
182,Arni Blaycock,Sun Apr 14 2019 00:00:00 GMT-0300 (Brasilia Standard Time),Nurse
183,Sean Raggles,Thu Apr 18 2019 00:00:00 GMT-0300 (Brasilia Standard Time),VP Accounting
184,Hagan Corragan,Sat Dec 28 2019 00:00:00 GMT-0300 (Brasilia Standard Time),Teacher
185,Dody Garroway,Tue Jul 09 2019 00:00:00 GMT-0300 (Brasilia Standard Time),Senior Financial Analyst
186,Garrek Summersett,Sun May 05 2019 00:00:00 GMT-0300 (Brasilia Standard Time),Quality Engineer
187,Babette Gilman,Sun Aug 25 2019 00:00:00 GMT-0300 (Brasilia Standard Time),Quality Control Specialist
188,Fax Desseine,Fri Dec 27 2019 00:00:00 GMT-0300 (Brasilia Standard Time),Technical Writer
189,Loy Mitkin,Fri May 03 2019 00:00:00 GMT-0300 (Brasilia Standard Time),Geological Engineer
190,Marie-ann Mowett,Sun Sep 08 2019 00:00:00 GMT-0300 (Brasilia Standard Time),Director of Sales
191,Vonnie Bridgeman,Fri Mar 15 2019 00:00:00 GMT-0300 (Brasilia Standard Time),Chemical Engineer
192,Lura Kedie,Sun Mar 17 2019 00:00:00 GMT-0300 (Brasilia Standard Time),Junior Executive
193,Linet Wadham,Tue Feb 11 2020 00:00:00 GMT-0300 (Brasilia Standard Time),Technical Writer
194,Ardella Stanway,Tue May 07 2019 00:00:00 GMT-0300 (Brasilia Standard Time),Marketing Assistant
195,Delmor Scowen,Wed Mar 20 2019 00:00:00 GMT-0300 (Brasilia Standard Time),Assistant Manager
196,Arlana Clipson,Sat Aug 17 2019 00:00:00 GMT-0300 (Brasilia Standard Time),Electrical Engineer
197,Floris Schwant,Sun Feb 16 2020 00:00:00 GMT-0300 (Brasilia Standard Time),Sales Representative
198,Alvis Couth,Fri Apr 12 2019 00:00:00 GMT-0300 (Brasilia Standard Time),Occupational Therapist
199,Ive Wikey,Wed Jan 29 2020 00:00:00 GMT-0300 (Brasilia Standard Time),Software Engineer IV
200,Doralynn Geggie,Fri Sep 13 2019 00:00:00 GMT-0300 (Brasilia Standard Time),Quality Engineer
201,Claudell Mohun,Wed Aug 21 2019 00:00:00 GMT-0300 (Brasilia Standard Time),Systems Administrator IV
202,Jake Roscam,Thu Aug 08 2019 00:00:00 GMT-0300 (Brasilia Standard Time),Senior Editor
203,Hadleigh Vickery,Sun Jun 23 2019 00:00:00 GMT-0300 (Brasilia Standard Time),Nurse
204,Bordy Droogan,Thu Jun 13 2019 00:00:00 GMT-0300 (Brasilia Standard Time),Desktop Support Technician
205,Sawyer Shoebottom,Fri Aug 30 2019 00:00:00 GMT-0300 (Brasilia Standard Time),Geological Engineer
206,Wallas Raitt,Fri Jun 14 2019 00:00:00 GMT-0300 (Brasilia Standard Time),Programmer II
207,Eadie Bentote,Sun Mar 10 2019 00:00:00 GMT-0300 (Brasilia Standard Time),GIS Technical Architect
208,Ephraim Terney,Tue Mar 19 2019 00:00:00 GMT-0300 (Brasilia Standard Time),Automation Specialist III
209,Gerianne Fould,Thu Dec 26 2019 00:00:00 GMT-0300 (Brasilia Standard Time),VP Product Management
210,Quinlan Carlile,Thu Mar 21 2019 00:00:00 GMT-0300 (Brasilia Standard Time),Human Resources Manager
211,Mace Hallut,Tue Jul 09 2019 00:00:00 GMT-0300 (Brasilia Standard Time),Product Engineer
212,Joyous Salerno,Tue Apr 23 2019 00:00:00 GMT-0300 (Brasilia Standard Time),Accounting Assistant II
213,Barri Sweeny,Sun Apr 14 2019 00:00:00 GMT-0300 (Brasilia Standard Time),Analog Circuit Design manager
214,Malcolm Casetta,Thu Jan 02 2020 00:00:00 GMT-0300 (Brasilia Standard Time),Research Nurse
215,Hildegaard Eversley,Thu Dec 12 2019 00:00:00 GMT-0300 (Brasilia Standard Time),Media Manager III
216,Celle Kiessel,Sun Dec 15 2019 00:00:00 GMT-0300 (Brasilia Standard Time),Account Representative III
217,Willyt Probyn,Fri Mar 08 2019 00:00:00 GMT-0300 (Brasilia Standard Time),Nuclear Power Engineer
218,Tedra Menel,Fri Dec 20 2019 00:00:00 GMT-0300 (Brasilia Standard Time),Marketing Manager
219,Sheela Howship,Tue Aug 06 2019 00:00:00 GMT-0300 (Brasilia Standard Time),Account Representative II
220,Alasdair Grelka,Thu Dec 26 2019 00:00:00 GMT-0300 (Brasilia Standard Time),Biostatistician I
221,Lauraine Corfield,Sat Jan 04 2020 00:00:00 GMT-0300 (Brasilia Standard Time),Human Resources Assistant III
222,Paquito Ellingsworth,Sat Aug 03 2019 00:00:00 GMT-0300 (Brasilia Standard Time),Accounting Assistant IV
223,Heida Book,Wed May 29 2019 00:00:00 GMT-0300 (Brasilia Standard Time),Recruiting Manager
224,Meade Borless,Sat Aug 10 2019 00:00:00 GMT-0300 (Brasilia Standard Time),VP Marketing
225,Desiri Strike,Sat Jun 29 2019 00:00:00 GMT-0300 (Brasilia Standard Time),Teacher
226,Kim Fitzsimon,Sun Jun 09 2019 00:00:00 GMT-0300 (Brasilia Standard Time),VP Quality Control
227,Libby Boud,Wed Jun 19 2019 00:00:00 GMT-0300 (Brasilia Standard Time),Desktop Support Technician
228,Warren Nester,Tue Aug 13 2019 00:00:00 GMT-0300 (Brasilia Standard Time),Actuary
229,Phillipp Cano,Thu Oct 31 2019 00:00:00 GMT-0300 (Brasilia Standard Time),Mechanical Systems Engineer
230,Diane-marie Comer,Thu Mar 21 2019 00:00:00 GMT-0300 (Brasilia Standard Time),Research Associate
231,Vivyan Matejic,Tue Mar 26 2019 00:00:00 GMT-0300 (Brasilia Standard Time),Occupational Therapist
232,Clarie Snowman,Sun Jun 09 2019 00:00:00 GMT-0300 (Brasilia Standard Time),Nurse
233,Thomasa McKelvey,Mon Jan 06 2020 00:00:00 GMT-0300 (Brasilia Standard Time),Structural Engineer
234,Kristi Nozzolii,Wed Aug 07 2019 00:00:00 GMT-0300 (Brasilia Standard Time),Research Nurse
235,Immanuel Ilewicz,Wed Jan 22 2020 00:00:00 GMT-0300 (Brasilia Standard Time),Account Executive
236,Rudiger Corter,Mon Dec 16 2019 00:00:00 GMT-0300 (Brasilia Standard Time),Programmer Analyst IV
237,Culley Orneblow,Sun Mar 17 2019 00:00:00 GMT-0300 (Brasilia Standard Time),Safety Technician II
238,Terrel Malim,Sun Jan 12 2020 00:00:00 GMT-0300 (Brasilia Standard Time),Community Outreach Specialist
239,Gram Carus,Thu May 23 2019 00:00:00 GMT-0300 (Brasilia Standard Time),VP Marketing
240,Annora Bridden,Wed Oct 16 2019 00:00:00 GMT-0300 (Brasilia Standard Time),Budget/Accounting Analyst II
241,Lurline Hugk,Sat Dec 14 2019 00:00:00 GMT-0300 (Brasilia Standard Time),Technical Writer
242,Karita Bazoge,Sat Jul 20 2019 00:00:00 GMT-0300 (Brasilia Standard Time),Occupational Therapist
243,Jarib Hadenton,Thu Dec 05 2019 00:00:00 GMT-0300 (Brasilia Standard Time),Research Assistant IV
244,Danita Wakelam,Mon Sep 23 2019 00:00:00 GMT-0300 (Brasilia Standard Time),Assistant Manager
245,Tammie Masdin,Sun Jul 28 2019 00:00:00 GMT-0300 (Brasilia Standard Time),Junior Executive
246,Kennett Philipps,Mon Apr 01 2019 00:00:00 GMT-0300 (Brasilia Standard Time),Assistant Professor
247,Malory Cammomile,Thu Apr 25 2019 00:00:00 GMT-0300 (Brasilia Standard Time),Nurse
248,Hetty Tzarkov,Fri Dec 13 2019 00:00:00 GMT-0300 (Brasilia Standard Time),Financial Analyst
249,Shep Gabrieli,Fri Aug 30 2019 00:00:00 GMT-0300 (Brasilia Standard Time),Food Chemist
250,Francesco Woolvett,Fri Jan 31 2020 00:00:00 GMT-0300 (Brasilia Standard Time),Data Coordiator
251,Pasquale Darrow,Mon Feb 25 2019 00:00:00 GMT-0300 (Brasilia Standard Time),Marketing Manager
252,Nissie Ferrand,Fri May 31 2019 00:00:00 GMT-0300 (Brasilia Standard Time),Software Consultant
253,Thibaud Gowdy,Wed May 01 2019 00:00:00 GMT-0300 (Brasilia Standard Time),Account Executive
254,Torrence Edgars,Thu May 16 2019 00:00:00 GMT-0300 (Brasilia Standard Time),Mechanical Systems Engineer
255,Haroun Danilchik,Mon Nov 11 2019 00:00:00 GMT-0300 (Brasilia Standard Time),Statistician II
256,Laryssa Batchley,Sun Feb 24 2019 00:00:00 GMT-0300 (Brasilia Standard Time),Assistant Media Planner
257,Teodor Askam,Tue Mar 12 2019 00:00:00 GMT-0300 (Brasilia Standard Time),Analog Circuit Design manager
258,Addi Iceton,Tue Jun 25 2019 00:00:00 GMT-0300 (Brasilia Standard Time),Administrative Assistant II
259,Viola Aireton,Tue Mar 19 2019 00:00:00 GMT-0300 (Brasilia Standard Time),Research Assistant III
260,Eal Mehmet,Sat Nov 09 2019 00:00:00 GMT-0300 (Brasilia Standard Time),Civil Engineer
261,Pietra Duncklee,Wed Jun 12 2019 00:00:00 GMT-0300 (Brasilia Standard Time),Software Test Engineer III
262,Lucia Bendall,Sat Nov 02 2019 00:00:00 GMT-0300 (Brasilia Standard Time),Product Engineer
263,Rudolph Wellwood,Thu Oct 10 2019 00:00:00 GMT-0300 (Brasilia Standard Time),Senior Sales Associate
264,Godwin Perocci,Sun Jul 14 2019 00:00:00 GMT-0300 (Brasilia Standard Time),Assistant Media Planner
265,Mirna Lante,Tue May 07 2019 00:00:00 GMT-0300 (Brasilia Standard Time),Financial Advisor
266,Bunnie Deeves,Sun Jul 14 2019 00:00:00 GMT-0300 (Brasilia Standard Time),Media Manager III
267,Zora Grabham,Tue Jul 23 2019 00:00:00 GMT-0300 (Brasilia Standard Time),Marketing Manager
268,Ambrose Joll,Mon Dec 16 2019 00:00:00 GMT-0300 (Brasilia Standard Time),Executive Secretary
269,Neill Ewenson,Mon Dec 30 2019 00:00:00 GMT-0300 (Brasilia Standard Time),Clinical Specialist
270,Llywellyn Loxdale,Wed Nov 20 2019 00:00:00 GMT-0300 (Brasilia Standard Time),Librarian
271,Marlane Robertz,Fri Mar 29 2019 00:00:00 GMT-0300 (Brasilia Standard Time),Paralegal
272,Ezechiel Dalgleish,Thu Dec 12 2019 00:00:00 GMT-0300 (Brasilia Standard Time),Geologist II
273,Cherry Mack,Sat May 25 2019 00:00:00 GMT-0300 (Brasilia Standard Time),Assistant Media Planner
274,Kristo Stigger,Fri Aug 23 2019 00:00:00 GMT-0300 (Brasilia Standard Time),Research Associate
275,Susette Daulby,Mon Jul 08 2019 00:00:00 GMT-0300 (Brasilia Standard Time),Analyst Programmer
276,Coletta Withnall,Sun Dec 08 2019 00:00:00 GMT-0300 (Brasilia Standard Time),Community Outreach Specialist
277,Yevette Lethley,Sat Apr 20 2019 00:00:00 GMT-0300 (Brasilia Standard Time),Librarian
278,Zabrina Matyashev,Sun Apr 14 2019 00:00:00 GMT-0300 (Brasilia Standard Time),Chief Design Engineer
279,Alanna Turbat,Fri Jun 14 2019 00:00:00 GMT-0300 (Brasilia Standard Time),Physical Therapy Assistant
280,Ali Firsby,Sat Jan 25 2020 00:00:00 GMT-0300 (Brasilia Standard Time),Marketing Manager
281,Felice Jockle,Tue Nov 19 2019 00:00:00 GMT-0300 (Brasilia Standard Time),VP Product Management
282,Louella McFaell,Sat Jun 15 2019 00:00:00 GMT-0300 (Brasilia Standard Time),Software Engineer III
283,Murdock Brayne,Fri Jun 21 2019 00:00:00 GMT-0300 (Brasilia Standard Time),Environmental Tech
284,Emelina Fryers,Wed Dec 11 2019 00:00:00 GMT-0300 (Brasilia Standard Time),Tax Accountant
285,Twila Gaywood,Fri Oct 04 2019 00:00:00 GMT-0300 (Brasilia Standard Time),Executive Secretary
286,Thibaud Lewer,Mon Feb 17 2020 00:00:00 GMT-0300 (Brasilia Standard Time),Human Resources Manager
287,Maison Offill,Thu Sep 05 2019 00:00:00 GMT-0300 (Brasilia Standard Time),Senior Cost Accountant
288,Elijah Chrystal,Sat Jan 25 2020 00:00:00 GMT-0300 (Brasilia Standard Time),Financial Advisor
289,Casi Marrow,Fri May 10 2019 00:00:00 GMT-0300 (Brasilia Standard Time),Internal Auditor
290,Cordie Geill,Fri Sep 06 2019 00:00:00 GMT-0300 (Brasilia Standard Time),Web Designer I
291,Morena Plan,Mon Jun 17 2019 00:00:00 GMT-0300 (Brasilia Standard Time),Product Engineer
292,Biddy Millyard,Sat Jun 29 2019 00:00:00 GMT-0300 (Brasilia Standard Time),Staff Accountant IV
293,Casey Murcott,Sat Aug 31 2019 00:00:00 GMT-0300 (Brasilia Standard Time),Desktop Support Technician
294,Mick Maneylaws,Thu Dec 26 2019 00:00:00 GMT-0300 (Brasilia Standard Time),Account Representative I
295,Barnabas Golborne,Sat Jun 08 2019 00:00:00 GMT-0300 (Brasilia Standard Time),VP Product Management
296,Marguerite Covely,Mon May 20 2019 00:00:00 GMT-0300 (Brasilia Standard Time),Systems Administrator IV
297,Megen Fratczak,Fri Jul 05 2019 00:00:00 GMT-0300 (Brasilia Standard Time),Assistant Media Planner
298,Barbabra Orable,Wed May 15 2019 00:00:00 GMT-0300 (Brasilia Standard Time),Food Chemist
299,Trude De Michetti,Tue Sep 03 2019 00:00:00 GMT-0300 (Brasilia Standard Time),GIS Technical Architect
300,Jessee Braim,Sun Mar 24 2019 00:00:00 GMT-0300 (Brasilia Standard Time),Compensation Analyst
301,Harald Antonikov,Fri Sep 13 2019 00:00:00 GMT-0300 (Brasilia Standard Time),VP Marketing
302,Rey Chavrin,Sat Jun 22 2019 00:00:00 GMT-0300 (Brasilia Standard Time),Recruiter
303,Teirtza Bromell,Sat Oct 19 2019 00:00:00 GMT-0300 (Brasilia Standard Time),Technical Writer
304,Claudio Kiss,Mon Nov 11 2019 00:00:00 GMT-0300 (Brasilia Standard Time),Systems Administrator II
305,Lizzy Shurville,Sat Mar 09 2019 00:00:00 GMT-0300 (Brasilia Standard Time),VP Sales
306,Cinda Naulls,Sun Feb 16 2020 00:00:00 GMT-0300 (Brasilia Standard Time),Marketing Manager
307,Elsbeth Nuth,Mon Dec 30 2019 00:00:00 GMT-0300 (Brasilia Standard Time),Account Representative II
308,Merrel Mathou,Tue Apr 16 2019 00:00:00 GMT-0300 (Brasilia Standard Time),Marketing Manager
309,Flynn Everly,Sat Aug 03 2019 00:00:00 GMT-0300 (Brasilia Standard Time),Software Consultant
310,Noe Dagon,Mon May 06 2019 00:00:00 GMT-0300 (Brasilia Standard Time),Web Developer II
311,Lainey Van Arsdalen,Fri Oct 04 2019 00:00:00 GMT-0300 (Brasilia Standard Time),Cost Accountant
312,Linnie Jannaway,Mon Nov 11 2019 00:00:00 GMT-0300 (Brasilia Standard Time),Media Manager IV
313,Star Fulks,Wed Jul 03 2019 00:00:00 GMT-0300 (Brasilia Standard Time),Sales Associate
314,Dun Cristofari,Sun Dec 29 2019 00:00:00 GMT-0300 (Brasilia Standard Time),Business Systems Development Analyst
315,Kingston Bayfield,Wed Aug 21 2019 00:00:00 GMT-0300 (Brasilia Standard Time),Speech Pathologist
316,Juliet Harnes,Sat Apr 20 2019 00:00:00 GMT-0300 (Brasilia Standard Time),Financial Advisor
317,Wood Backen,Mon Mar 18 2019 00:00:00 GMT-0300 (Brasilia Standard Time),Assistant Media Planner
318,Roley Peirone,Thu Nov 14 2019 00:00:00 GMT-0300 (Brasilia Standard Time),Financial Analyst
319,Yevette Lark,Tue Jun 18 2019 00:00:00 GMT-0300 (Brasilia Standard Time),Assistant Media Planner
320,Jaymie Canadine,Thu Jun 06 2019 00:00:00 GMT-0300 (Brasilia Standard Time),Associate Professor
321,Feliza Goreisr,Fri Mar 22 2019 00:00:00 GMT-0300 (Brasilia Standard Time),VP Sales
322,Iosep Selby,Thu Jul 11 2019 00:00:00 GMT-0300 (Brasilia Standard Time),Payment Adjustment Coordinator
323,Midge McDugal,Sat Jun 15 2019 00:00:00 GMT-0300 (Brasilia Standard Time),Help Desk Technician
324,Lind Bootyman,Thu Mar 14 2019 00:00:00 GMT-0300 (Brasilia Standard Time),Business Systems Development Analyst
325,Ardelle Brokenshaw,Fri Jun 07 2019 00:00:00 GMT-0300 (Brasilia Standard Time),Product Engineer
326,Darrelle Gimbrett,Thu Aug 15 2019 00:00:00 GMT-0300 (Brasilia Standard Time),Safety Technician II
327,Jacquelyn McKeveney,Thu Jun 06 2019 00:00:00 GMT-0300 (Brasilia Standard Time),Dental Hygienist
328,Quent Sugars,Thu Oct 24 2019 00:00:00 GMT-0300 (Brasilia Standard Time),Financial Analyst
329,Heda Patington,Sun Aug 04 2019 00:00:00 GMT-0300 (Brasilia Standard Time),Geologist IV
330,Trumaine Heakey,Tue Apr 30 2019 00:00:00 GMT-0300 (Brasilia Standard Time),Software Consultant
331,Lorna Sturdey,Tue Jan 14 2020 00:00:00 GMT-0300 (Brasilia Standard Time),Help Desk Technician
332,Glenden Arderne,Sat Nov 30 2019 00:00:00 GMT-0300 (Brasilia Standard Time),Systems Administrator III
333,Vassily Dominelli,Wed Oct 30 2019 00:00:00 GMT-0300 (Brasilia Standard Time),Food Chemist
334,Shannen Jaulmes,Sat Aug 31 2019 00:00:00 GMT-0300 (Brasilia Standard Time),Research Assistant I
335,Lyon Kelledy,Mon Sep 23 2019 00:00:00 GMT-0300 (Brasilia Standard Time),Business Systems Development Analyst
336,Ketty Klulicek,Sat Aug 10 2019 00:00:00 GMT-0300 (Brasilia Standard Time),Automation Specialist I
337,Samuel Petkov,Mon May 20 2019 00:00:00 GMT-0300 (Brasilia Standard Time),Research Associate
338,Ambrosio Murrish,Sat Apr 13 2019 00:00:00 GMT-0300 (Brasilia Standard Time),Senior Editor
339,Gerhardine Gueny,Sun Aug 18 2019 00:00:00 GMT-0300 (Brasilia Standard Time),VP Marketing
340,Archibold Counsell,Wed Jan 29 2020 00:00:00 GMT-0300 (Brasilia Standard Time),Software Test Engineer I
341,Allie Freyn,Sun Aug 04 2019 00:00:00 GMT-0300 (Brasilia Standard Time),Administrative Assistant III
342,Karine Itzkowicz,Wed Jan 22 2020 00:00:00 GMT-0300 (Brasilia Standard Time),Social Worker
343,Alric Comerford,Mon Apr 08 2019 00:00:00 GMT-0300 (Brasilia Standard Time),Software Test Engineer I
344,Constantine Keays,Thu Dec 05 2019 00:00:00 GMT-0300 (Brasilia Standard Time),Assistant Professor
345,Sharyl Hunn,Thu Jan 23 2020 00:00:00 GMT-0300 (Brasilia Standard Time),Staff Accountant IV
346,Bobina Limbourne,Fri May 03 2019 00:00:00 GMT-0300 (Brasilia Standard Time),Safety Technician II
347,Marlowe Backson,Sun Feb 09 2020 00:00:00 GMT-0300 (Brasilia Standard Time),Occupational Therapist
348,Nadean Geaves,Tue Jul 09 2019 00:00:00 GMT-0300 (Brasilia Standard Time),Editor
349,Eddy Bloore,Wed Dec 25 2019 00:00:00 GMT-0300 (Brasilia Standard Time),Technical Writer
350,Denice Kynoch,Wed Mar 13 2019 00:00:00 GMT-0300 (Brasilia Standard Time),VP Sales
351,Pincas Albrighton,Fri Mar 15 2019 00:00:00 GMT-0300 (Brasilia Standard Time),Senior Developer
352,Malinde Codlin,Mon Dec 16 2019 00:00:00 GMT-0300 (Brasilia Standard Time),Accountant III
353,Daisey Branche,Thu Mar 21 2019 00:00:00 GMT-0300 (Brasilia Standard Time),Software Engineer I
354,Winonah Riddington,Thu Jun 06 2019 00:00:00 GMT-0300 (Brasilia Standard Time),Occupational Therapist
355,Nance Lagden,Sat Apr 20 2019 00:00:00 GMT-0300 (Brasilia Standard Time),Dental Hygienist
356,Rutter Allingham,Sun Jan 12 2020 00:00:00 GMT-0300 (Brasilia Standard Time),Recruiting Manager
357,Darrelle Samwell,Wed Feb 12 2020 00:00:00 GMT-0300 (Brasilia Standard Time),Recruiting Manager
358,Charlot Burgess,Thu Oct 03 2019 00:00:00 GMT-0300 (Brasilia Standard Time),Research Associate
359,Paola Szymczyk,Sun Nov 10 2019 00:00:00 GMT-0300 (Brasilia Standard Time),Engineer I
360,Jacinda Saltmarsh,Thu Sep 12 2019 00:00:00 GMT-0300 (Brasilia Standard Time),Help Desk Technician
361,Ema Dallemore,Wed Jun 26 2019 00:00:00 GMT-0300 (Brasilia Standard Time),Senior Developer
362,Melamie Brabyn,Mon Aug 12 2019 00:00:00 GMT-0300 (Brasilia Standard Time),VP Accounting
363,Town Kettlesting,Sun Oct 06 2019 00:00:00 GMT-0300 (Brasilia Standard Time),Professor
364,Sterling Rosoman,Sat Apr 06 2019 00:00:00 GMT-0300 (Brasilia Standard Time),Geologist I
365,Cybil Feldbrin,Wed Feb 05 2020 00:00:00 GMT-0300 (Brasilia Standard Time),Senior Cost Accountant
366,Stephana Baugham,Fri Nov 22 2019 00:00:00 GMT-0300 (Brasilia Standard Time),Teacher
367,Teodora Lossman,Sun Jul 21 2019 00:00:00 GMT-0300 (Brasilia Standard Time),Biostatistician IV
368,Edan Cremin,Wed Aug 07 2019 00:00:00 GMT-0300 (Brasilia Standard Time),Web Designer II
369,Sawyer Egre,Tue May 07 2019 00:00:00 GMT-0300 (Brasilia Standard Time),Structural Analysis Engineer
370,Danie Elcom,Sat Oct 05 2019 00:00:00 GMT-0300 (Brasilia Standard Time),Administrative Officer
371,Aime Towle,Mon Jun 24 2019 00:00:00 GMT-0300 (Brasilia Standard Time),Dental Hygienist
372,Teressa Gaskin,Tue Oct 22 2019 00:00:00 GMT-0300 (Brasilia Standard Time),Sales Associate
373,Vally Gareisr,Wed Jan 22 2020 00:00:00 GMT-0300 (Brasilia Standard Time),Chemical Engineer
374,Mychal Lockitt,Wed Sep 04 2019 00:00:00 GMT-0300 (Brasilia Standard Time),Director of Sales
375,Phebe Maddra,Tue Jul 16 2019 00:00:00 GMT-0300 (Brasilia Standard Time),Computer Systems Analyst I
376,Ezequiel Coleridge,Thu Dec 05 2019 00:00:00 GMT-0300 (Brasilia Standard Time),Database Administrator I
377,Pearce Bridgnell,Wed Feb 27 2019 00:00:00 GMT-0300 (Brasilia Standard Time),Structural Analysis Engineer
378,Ernestine Gebbie,Wed Oct 09 2019 00:00:00 GMT-0300 (Brasilia Standard Time),Account Representative I
379,Aubrey Wisby,Wed Feb 20 2019 00:00:00 GMT-0300 (Brasilia Standard Time),Human Resources Assistant I
380,Dory Kob,Thu Oct 03 2019 00:00:00 GMT-0300 (Brasilia Standard Time),VP Sales
381,Ogdan Sollom,Thu Oct 17 2019 00:00:00 GMT-0300 (Brasilia Standard Time),Staff Scientist
382,Lemmy Voaden,Sat Nov 23 2019 00:00:00 GMT-0300 (Brasilia Standard Time),Technical Writer
383,Erv Scrammage,Wed Jul 17 2019 00:00:00 GMT-0300 (Brasilia Standard Time),Product Engineer
384,Lianne Facchini,Fri Mar 15 2019 00:00:00 GMT-0300 (Brasilia Standard Time),Pharmacist
385,Clarance Shew,Mon Mar 04 2019 00:00:00 GMT-0300 (Brasilia Standard Time),Executive Secretary
386,Anthia Atcherley,Wed Oct 30 2019 00:00:00 GMT-0300 (Brasilia Standard Time),Account Executive
387,Anthiathia Kennefick,Fri Mar 15 2019 00:00:00 GMT-0300 (Brasilia Standard Time),Geologist I
388,Andonis Owens,Thu May 09 2019 00:00:00 GMT-0300 (Brasilia Standard Time),Research Assistant IV
389,Jaye Smeath,Tue Dec 17 2019 00:00:00 GMT-0300 (Brasilia Standard Time),Civil Engineer
390,Dagny Hughlin,Sun Jan 05 2020 00:00:00 GMT-0300 (Brasilia Standard Time),Nurse
391,Glyn Lowis,Mon Jun 17 2019 00:00:00 GMT-0300 (Brasilia Standard Time),Staff Accountant I
392,Deloris Clutten,Fri Sep 27 2019 00:00:00 GMT-0300 (Brasilia Standard Time),Software Consultant
393,Rosaline Coode,Thu May 02 2019 00:00:00 GMT-0300 (Brasilia Standard Time),Community Outreach Specialist
394,Isac Jendrys,Wed Jun 26 2019 00:00:00 GMT-0300 (Brasilia Standard Time),Sales Representative
395,Quinn Leggett,Wed Nov 27 2019 00:00:00 GMT-0300 (Brasilia Standard Time),Nurse Practicioner
396,Kent Feaver,Tue Nov 12 2019 00:00:00 GMT-0300 (Brasilia Standard Time),Project Manager
397,Cory Mapam,Tue Oct 01 2019 00:00:00 GMT-0300 (Brasilia Standard Time),Legal Assistant
398,Dalt Lawrence,Sun Nov 10 2019 00:00:00 GMT-0300 (Brasilia Standard Time),Recruiting Manager
399,Krishnah Kleiner,Sun Apr 14 2019 00:00:00 GMT-0300 (Brasilia Standard Time),Recruiter
400,Claresta Gullberg,Sun Mar 10 2019 00:00:00 GMT-0300 (Brasilia Standard Time),Senior Financial Analyst
401,Mandy Bedell,Mon Jun 03 2019 00:00:00 GMT-0300 (Brasilia Standard Time),Information Systems Manager
402,Car Margetson,Mon Sep 23 2019 00:00:00 GMT-0300 (Brasilia Standard Time),Web Developer III
403,Tony Brawn,Tue May 21 2019 00:00:00 GMT-0300 (Brasilia Standard Time),Account Representative I
404,Luce Tyrer,Mon Sep 30 2019 00:00:00 GMT-0300 (Brasilia Standard Time),VP Product Management
405,Paloma Awde,Mon Feb 25 2019 00:00:00 GMT-0300 (Brasilia Standard Time),Administrative Assistant I
406,Artur Mingaud,Sun Apr 07 2019 00:00:00 GMT-0300 (Brasilia Standard Time),Automation Specialist I
407,Chryste Sharphurst,Sat Mar 02 2019 00:00:00 GMT-0300 (Brasilia Standard Time),Senior Cost Accountant
408,Melisse Hutchason,Thu Mar 07 2019 00:00:00 GMT-0300 (Brasilia Standard Time),Office Assistant II
409,Archibaldo Edmund,Mon Dec 30 2019 00:00:00 GMT-0300 (Brasilia Standard Time),GIS Technical Architect
410,Maurie Whittall,Sat Mar 30 2019 00:00:00 GMT-0300 (Brasilia Standard Time),Civil Engineer
411,Leonelle Sigg,Thu Jan 09 2020 00:00:00 GMT-0300 (Brasilia Standard Time),Software Consultant
412,Willdon Gawler,Sat Jan 18 2020 00:00:00 GMT-0300 (Brasilia Standard Time),Help Desk Operator
413,Zane Blumfield,Fri Jan 24 2020 00:00:00 GMT-0300 (Brasilia Standard Time),Food Chemist
414,Tommy Clemendet,Sat Oct 05 2019 00:00:00 GMT-0300 (Brasilia Standard Time),Biostatistician II
415,Hurleigh Froment,Wed May 15 2019 00:00:00 GMT-0300 (Brasilia Standard Time),Occupational Therapist
416,Carey Broggelli,Tue Mar 19 2019 00:00:00 GMT-0300 (Brasilia Standard Time),Compensation Analyst
417,Hallsy Keepin,Wed Mar 13 2019 00:00:00 GMT-0300 (Brasilia Standard Time),Data Coordiator
418,Avictor Cantera,Mon Apr 01 2019 00:00:00 GMT-0300 (Brasilia Standard Time),Automation Specialist III
419,Alexis Weafer,Thu Jun 20 2019 00:00:00 GMT-0300 (Brasilia Standard Time),Director of Sales
420,Dru Morford,Mon Jun 10 2019 00:00:00 GMT-0300 (Brasilia Standard Time),Senior Quality Engineer
421,Merline Van Salzberger,Tue Oct 15 2019 00:00:00 GMT-0300 (Brasilia Standard Time),Senior Developer
422,Jordan McGuckin,Wed Oct 23 2019 00:00:00 GMT-0300 (Brasilia Standard Time),Recruiting Manager
423,Margy Negro,Wed Nov 27 2019 00:00:00 GMT-0300 (Brasilia Standard Time),Web Designer I
424,Hodge Ricarde,Tue Jul 16 2019 00:00:00 GMT-0300 (Brasilia Standard Time),Structural Analysis Engineer
425,Oriana Bushel,Thu Mar 21 2019 00:00:00 GMT-0300 (Brasilia Standard Time),Automation Specialist IV
426,Yevette Domsalla,Sat Aug 17 2019 00:00:00 GMT-0300 (Brasilia Standard Time),Operator
427,Reece Stainson,Mon Jul 01 2019 00:00:00 GMT-0300 (Brasilia Standard Time),Financial Advisor
428,Adel Phittiplace,Sun Feb 09 2020 00:00:00 GMT-0300 (Brasilia Standard Time),Clinical Specialist
429,Anthia Brobak,Tue May 28 2019 00:00:00 GMT-0300 (Brasilia Standard Time),Food Chemist
430,Christabel Sutlieff,Fri Oct 04 2019 00:00:00 GMT-0300 (Brasilia Standard Time),Senior Quality Engineer
431,Floris Deaves,Sun Jan 26 2020 00:00:00 GMT-0300 (Brasilia Standard Time),Programmer Analyst III
432,Honey Robelin,Sat Sep 28 2019 00:00:00 GMT-0300 (Brasilia Standard Time),Environmental Tech
433,Adelind Brownrigg,Wed Jul 03 2019 00:00:00 GMT-0300 (Brasilia Standard Time),Food Chemist
434,Margret Guillford,Thu Dec 05 2019 00:00:00 GMT-0300 (Brasilia Standard Time),Paralegal
435,Tessie Slainey,Tue Sep 24 2019 00:00:00 GMT-0300 (Brasilia Standard Time),Software Test Engineer II
436,Ailyn Luetchford,Fri Nov 22 2019 00:00:00 GMT-0300 (Brasilia Standard Time),Software Test Engineer III
437,Georges Kirkebye,Sat Feb 08 2020 00:00:00 GMT-0300 (Brasilia Standard Time),Marketing Manager
438,D'arcy Garlicke,Mon Apr 15 2019 00:00:00 GMT-0300 (Brasilia Standard Time),Research Nurse
439,Amanda Waple,Tue Nov 26 2019 00:00:00 GMT-0300 (Brasilia Standard Time),Database Administrator II
440,Cart Kleinsinger,Sat Nov 23 2019 00:00:00 GMT-0300 (Brasilia Standard Time),Technical Writer
441,Staci Piborn,Mon Oct 28 2019 00:00:00 GMT-0300 (Brasilia Standard Time),Quality Control Specialist
442,Alejoa Ditts,Mon Jan 20 2020 00:00:00 GMT-0300 (Brasilia Standard Time),Speech Pathologist
443,Ky Jurkowski,Thu May 02 2019 00:00:00 GMT-0300 (Brasilia Standard Time),Administrative Officer
444,Padgett Yaldren,Wed Nov 13 2019 00:00:00 GMT-0300 (Brasilia Standard Time),Mechanical Systems Engineer
445,Nelie Hockell,Thu Jul 11 2019 00:00:00 GMT-0300 (Brasilia Standard Time),Product Engineer
446,Angelica Barnish,Fri Sep 20 2019 00:00:00 GMT-0300 (Brasilia Standard Time),VP Sales
447,Noell Sighard,Tue Apr 16 2019 00:00:00 GMT-0300 (Brasilia Standard Time),Quality Engineer
448,Damita Henker,Sun Sep 08 2019 00:00:00 GMT-0300 (Brasilia Standard Time),Software Engineer IV
449,Randi Walisiak,Sun Mar 10 2019 00:00:00 GMT-0300 (Brasilia Standard Time),Programmer III
450,Willie Peatt,Thu Dec 05 2019 00:00:00 GMT-0300 (Brasilia Standard Time),Librarian
451,Colly Gaitung,Thu Dec 26 2019 00:00:00 GMT-0300 (Brasilia Standard Time),Information Systems Manager
452,Adi Gavigan,Tue Aug 27 2019 00:00:00 GMT-0300 (Brasilia Standard Time),Nurse Practicioner
453,Gardener Richardt,Fri Mar 01 2019 00:00:00 GMT-0300 (Brasilia Standard Time),VP Product Management
454,Humfried Stanning,Thu Jun 06 2019 00:00:00 GMT-0300 (Brasilia Standard Time),Account Coordinator
455,Helli Castells,Tue Jun 18 2019 00:00:00 GMT-0300 (Brasilia Standard Time),Product Engineer
456,Ingamar Molineaux,Sat Nov 09 2019 00:00:00 GMT-0300 (Brasilia Standard Time),Account Executive
457,Retha Hayford,Fri Jul 26 2019 00:00:00 GMT-0300 (Brasilia Standard Time),Programmer IV
458,Hayward Persehouse,Thu Jul 11 2019 00:00:00 GMT-0300 (Brasilia Standard Time),Graphic Designer
459,Lorrie Dusey,Sat Mar 23 2019 00:00:00 GMT-0300 (Brasilia Standard Time),Software Engineer IV
460,Matilda Vasyutin,Tue Mar 12 2019 00:00:00 GMT-0300 (Brasilia Standard Time),Desktop Support Technician
461,Wynn Grent,Tue Feb 04 2020 00:00:00 GMT-0300 (Brasilia Standard Time),Help Desk Technician
462,Esma Peasgood,Sun Mar 31 2019 00:00:00 GMT-0300 (Brasilia Standard Time),Senior Editor
463,Lion Foskin,Sun Jul 14 2019 00:00:00 GMT-0300 (Brasilia Standard Time),Pharmacist
464,Dinnie O'Shaughnessy,Thu Mar 28 2019 00:00:00 GMT-0300 (Brasilia Standard Time),VP Quality Control
465,Madel Mountney,Fri Jan 31 2020 00:00:00 GMT-0300 (Brasilia Standard Time),Engineer I
466,York Corain,Tue Aug 20 2019 00:00:00 GMT-0300 (Brasilia Standard Time),Database Administrator IV
467,Benedikta Eversfield,Sun Apr 28 2019 00:00:00 GMT-0300 (Brasilia Standard Time),Budget/Accounting Analyst III
468,Neala Seiffert,Mon Dec 09 2019 00:00:00 GMT-0300 (Brasilia Standard Time),Web Designer III
469,Dagmar Glitherow,Thu Aug 08 2019 00:00:00 GMT-0300 (Brasilia Standard Time),Help Desk Technician
470,Debby Biers,Fri Oct 25 2019 00:00:00 GMT-0300 (Brasilia Standard Time),General Manager
471,Upton Jirousek,Sat Jul 13 2019 00:00:00 GMT-0300 (Brasilia Standard Time),Editor
472,Harp Franzonello,Wed Jun 19 2019 00:00:00 GMT-0300 (Brasilia Standard Time),Financial Advisor
473,Lucina Jeandin,Wed May 22 2019 00:00:00 GMT-0300 (Brasilia Standard Time),Developer IV
474,Kelsey Vellden,Sun Aug 11 2019 00:00:00 GMT-0300 (Brasilia Standard Time),Senior Developer
475,Bernetta Grigaut,Thu Dec 05 2019 00:00:00 GMT-0300 (Brasilia Standard Time),Junior Executive
476,Fania Drinkeld,Mon May 27 2019 00:00:00 GMT-0300 (Brasilia Standard Time),Librarian
477,Jarvis Fritchley,Fri Nov 01 2019 00:00:00 GMT-0300 (Brasilia Standard Time),Technical Writer
478,Othella Larkcum,Mon Feb 17 2020 00:00:00 GMT-0300 (Brasilia Standard Time),Operator
479,Neale Fiddy,Mon Jan 27 2020 00:00:00 GMT-0300 (Brasilia Standard Time),Environmental Specialist
480,Amaleta Biaggelli,Fri Mar 08 2019 00:00:00 GMT-0300 (Brasilia Standard Time),Dental Hygienist
481,Ethelind Lindenbaum,Tue Jul 16 2019 00:00:00 GMT-0300 (Brasilia Standard Time),Project Manager
482,Sibylla Napoli,Tue Sep 03 2019 00:00:00 GMT-0300 (Brasilia Standard Time),Software Consultant
483,Andrei Rumming,Wed Nov 27 2019 00:00:00 GMT-0300 (Brasilia Standard Time),Database Administrator III
484,Querida Prator,Tue Feb 26 2019 00:00:00 GMT-0300 (Brasilia Standard Time),Senior Financial Analyst
485,Britni Drabble,Tue Dec 03 2019 00:00:00 GMT-0300 (Brasilia Standard Time),Staff Scientist
486,Flor Moppett,Wed Jul 31 2019 00:00:00 GMT-0300 (Brasilia Standard Time),Internal Auditor
487,Ashien Tresler,Wed Apr 03 2019 00:00:00 GMT-0300 (Brasilia Standard Time),Recruiting Manager
488,Lynde Ionnisian,Mon Dec 23 2019 00:00:00 GMT-0300 (Brasilia Standard Time),Developer IV
489,Eamon Phant,Fri Sep 06 2019 00:00:00 GMT-0300 (Brasilia Standard Time),Geologist II
490,Heall Vearncomb,Sun Oct 06 2019 00:00:00 GMT-0300 (Brasilia Standard Time),Teacher
491,Annabella Camel,Sat Jan 18 2020 00:00:00 GMT-0300 (Brasilia Standard Time),Software Consultant
492,Koral Belf,Tue Aug 13 2019 00:00:00 GMT-0300 (Brasilia Standard Time),Senior Editor
493,Henriette Poizer,Sat Oct 19 2019 00:00:00 GMT-0300 (Brasilia Standard Time),Staff Accountant III
494,Maribeth Shitliffe,Wed Oct 16 2019 00:00:00 GMT-0300 (Brasilia Standard Time),Budget/Accounting Analyst IV
495,Danice Juanes,Wed Sep 11 2019 00:00:00 GMT-0300 (Brasilia Standard Time),Computer Systems Analyst IV
496,Benyamin Gilkison,Sun Mar 10 2019 00:00:00 GMT-0300 (Brasilia Standard Time),Senior Editor
497,Padget Collister,Wed Sep 04 2019 00:00:00 GMT-0300 (Brasilia Standard Time),Analog Circuit Design manager
498,Dix Northin,Mon Oct 21 2019 00:00:00 GMT-0300 (Brasilia Standard Time),Accounting Assistant IV
499,Vere Dilloway,Wed Jan 08 2020 00:00:00 GMT-0300 (Brasilia Standard Time),Tax Accountant
500,Brynna Brotherwood,Thu Jan 30 2020 00:00:00 GMT-0300 (Brasilia Standard Time),Editor
501,Marlie Tallman,Thu Apr 04 2019 00:00:00 GMT-0300 (Brasilia Standard Time),Marketing Assistant
502,Jobye Nials,Fri Nov 08 2019 00:00:00 GMT-0300 (Brasilia Standard Time),Design Engineer
503,Pete Lemarie,Sun Jul 07 2019 00:00:00 GMT-0300 (Brasilia Standard Time),Biostatistician III
504,Pascal Cardon,Tue Jun 11 2019 00:00:00 GMT-0300 (Brasilia Standard Time),Teacher
505,Malory Glassman,Sun Oct 27 2019 00:00:00 GMT-0300 (Brasilia Standard Time),Research Assistant III
506,Roderich Durak,Fri May 10 2019 00:00:00 GMT-0300 (Brasilia Standard Time),VP Accounting
507,Che Hulbert,Mon Dec 09 2019 00:00:00 GMT-0300 (Brasilia Standard Time),Sales Associate
508,Falkner Keelinge,Wed Feb 12 2020 00:00:00 GMT-0300 (Brasilia Standard Time),Assistant Manager
509,Catarina Bortoli,Fri Aug 30 2019 00:00:00 GMT-0300 (Brasilia Standard Time),Budget/Accounting Analyst I
510,Frankie Reggio,Sun May 19 2019 00:00:00 GMT-0300 (Brasilia Standard Time),Operator
511,Woody Henrichs,Thu Mar 28 2019 00:00:00 GMT-0300 (Brasilia Standard Time),Analog Circuit Design manager
512,Valentine Manby,Thu Mar 21 2019 00:00:00 GMT-0300 (Brasilia Standard Time),VP Quality Control
513,Pamella Phare,Fri Sep 13 2019 00:00:00 GMT-0300 (Brasilia Standard Time),Nurse
514,Lloyd Saby,Sat Jan 04 2020 00:00:00 GMT-0300 (Brasilia Standard Time),Graphic Designer
515,Laurie Taylo,Mon Nov 18 2019 00:00:00 GMT-0300 (Brasilia Standard Time),Social Worker
516,Gavan Sidebottom,Sun Apr 21 2019 00:00:00 GMT-0300 (Brasilia Standard Time),Chemical Engineer
517,Rebeca Crocker,Fri Nov 08 2019 00:00:00 GMT-0300 (Brasilia Standard Time),Help Desk Technician
518,Jo-anne Toderi,Fri Oct 25 2019 00:00:00 GMT-0300 (Brasilia Standard Time),Electrical Engineer
519,Mignon Durber,Sat Sep 21 2019 00:00:00 GMT-0300 (Brasilia Standard Time),Librarian
520,Giorgio Prettyjohn,Fri Jan 17 2020 00:00:00 GMT-0300 (Brasilia Standard Time),Electrical Engineer
521,Harley Lanceley,Tue Nov 05 2019 00:00:00 GMT-0300 (Brasilia Standard Time),Developer II
522,Birch Hearons,Wed Dec 04 2019 00:00:00 GMT-0300 (Brasilia Standard Time),GIS Technical Architect
523,Elmore Biggins,Wed Nov 13 2019 00:00:00 GMT-0300 (Brasilia Standard Time),Help Desk Technician
524,Terencio Blackmore,Tue Feb 11 2020 00:00:00 GMT-0300 (Brasilia Standard Time),VP Accounting
525,Tori Coldbreath,Sun May 05 2019 00:00:00 GMT-0300 (Brasilia Standard Time),Senior Editor
526,Kariotta Hodgen,Sun Mar 24 2019 00:00:00 GMT-0300 (Brasilia Standard Time),Senior Sales Associate
527,Bessy Jakuszewski,Tue May 14 2019 00:00:00 GMT-0300 (Brasilia Standard Time),Software Test Engineer IV
528,Dolph Arblaster,Sat Aug 03 2019 00:00:00 GMT-0300 (Brasilia Standard Time),Junior Executive
529,Brittni Buckbee,Sun Jul 14 2019 00:00:00 GMT-0300 (Brasilia Standard Time),Marketing Assistant
530,Luciana Ratcliffe,Fri Mar 15 2019 00:00:00 GMT-0300 (Brasilia Standard Time),Research Nurse
531,Bethena Adao,Thu Mar 07 2019 00:00:00 GMT-0300 (Brasilia Standard Time),Technical Writer
532,Nowell Nelhams,Wed Sep 11 2019 00:00:00 GMT-0300 (Brasilia Standard Time),Librarian
533,Phylis Concannon,Sun Jun 09 2019 00:00:00 GMT-0300 (Brasilia Standard Time),Media Manager III
534,Francine Sheere,Tue Jan 28 2020 00:00:00 GMT-0300 (Brasilia Standard Time),Sales Associate
535,Nike Yearron,Mon Dec 23 2019 00:00:00 GMT-0300 (Brasilia Standard Time),Assistant Media Planner
536,Emlen Lansdown,Sun Apr 07 2019 00:00:00 GMT-0300 (Brasilia Standard Time),Editor
537,Obidiah Soffe,Sat May 18 2019 00:00:00 GMT-0300 (Brasilia Standard Time),Senior Cost Accountant
538,Emyle Castanares,Sun Oct 13 2019 00:00:00 GMT-0300 (Brasilia Standard Time),Community Outreach Specialist
539,Nancie Forlong,Sun Apr 21 2019 00:00:00 GMT-0300 (Brasilia Standard Time),Paralegal
540,Elie Leasor,Wed Oct 30 2019 00:00:00 GMT-0300 (Brasilia Standard Time),Community Outreach Specialist
541,Morlee Kainz,Fri Jan 10 2020 00:00:00 GMT-0300 (Brasilia Standard Time),Social Worker
542,Hogan Shave,Thu Jan 02 2020 00:00:00 GMT-0300 (Brasilia Standard Time),Desktop Support Technician
543,Idalina Darling,Sat May 18 2019 00:00:00 GMT-0300 (Brasilia Standard Time),Help Desk Technician
544,Bryna Fellgett,Fri Dec 13 2019 00:00:00 GMT-0300 (Brasilia Standard Time),Food Chemist
545,Kata Spradbery,Mon Feb 17 2020 00:00:00 GMT-0300 (Brasilia Standard Time),Geological Engineer
546,Lelia Amerighi,Mon Aug 12 2019 00:00:00 GMT-0300 (Brasilia Standard Time),Assistant Media Planner
547,Tabby Oldrey,Mon Apr 22 2019 00:00:00 GMT-0300 (Brasilia Standard Time),Teacher
548,Dolph Platt,Tue Nov 19 2019 00:00:00 GMT-0300 (Brasilia Standard Time),Senior Developer
549,Jordan Drakeley,Mon Sep 23 2019 00:00:00 GMT-0300 (Brasilia Standard Time),Social Worker
550,Carolina Saye,Sat Sep 07 2019 00:00:00 GMT-0300 (Brasilia Standard Time),Office Assistant II
551,Herc Dudson,Thu Feb 28 2019 00:00:00 GMT-0300 (Brasilia Standard Time),Human Resources Assistant III
552,Tarrah Saban,Sun Nov 10 2019 00:00:00 GMT-0300 (Brasilia Standard Time),Financial Analyst
553,Shell Rachuig,Sat Jun 22 2019 00:00:00 GMT-0300 (Brasilia Standard Time),Cost Accountant
554,Carmela Forbear,Thu Nov 21 2019 00:00:00 GMT-0300 (Brasilia Standard Time),Desktop Support Technician
555,Boot Dubock,Thu Aug 08 2019 00:00:00 GMT-0300 (Brasilia Standard Time),Help Desk Operator
556,Dan Rumin,Thu Aug 22 2019 00:00:00 GMT-0300 (Brasilia Standard Time),Technical Writer
557,Carolina Hagland,Fri Sep 06 2019 00:00:00 GMT-0300 (Brasilia Standard Time),Biostatistician I
558,Elsworth Fleming,Sat May 25 2019 00:00:00 GMT-0300 (Brasilia Standard Time),Sales Representative
559,Isabelle Curtois,Mon Dec 30 2019 00:00:00 GMT-0300 (Brasilia Standard Time),Sales Representative
560,Verney Bleasby,Sun Dec 22 2019 00:00:00 GMT-0300 (Brasilia Standard Time),Accounting Assistant I
561,Mandie Ruppert,Mon Jan 20 2020 00:00:00 GMT-0300 (Brasilia Standard Time),Physical Therapy Assistant
562,Allis Buckett,Mon Nov 04 2019 00:00:00 GMT-0300 (Brasilia Standard Time),Speech Pathologist
563,Lou Bredgeland,Sat Feb 08 2020 00:00:00 GMT-0300 (Brasilia Standard Time),Safety Technician I
564,Harlen Alebrooke,Sun May 19 2019 00:00:00 GMT-0300 (Brasilia Standard Time),Quality Control Specialist
565,Roseanne Suart,Tue Nov 05 2019 00:00:00 GMT-0300 (Brasilia Standard Time),Design Engineer
566,Viviene McKibben,Sat Aug 03 2019 00:00:00 GMT-0300 (Brasilia Standard Time),Recruiter
567,Zerk Noury,Sun Jun 23 2019 00:00:00 GMT-0300 (Brasilia Standard Time),Food Chemist
568,Clementina Heersema,Fri May 10 2019 00:00:00 GMT-0300 (Brasilia Standard Time),Social Worker
569,Jennica Cayle,Fri Oct 25 2019 00:00:00 GMT-0300 (Brasilia Standard Time),Senior Developer
570,Edi Denidge,Wed Jan 01 2020 00:00:00 GMT-0300 (Brasilia Standard Time),Environmental Specialist
571,Lydia Faye,Fri Nov 22 2019 00:00:00 GMT-0300 (Brasilia Standard Time),Clinical Specialist
572,Portia Kembley,Thu Sep 05 2019 00:00:00 GMT-0300 (Brasilia Standard Time),Clinical Specialist
573,Tyler Retter,Fri May 31 2019 00:00:00 GMT-0300 (Brasilia Standard Time),Junior Executive
574,Noak Mitchell,Mon Feb 17 2020 00:00:00 GMT-0300 (Brasilia Standard Time),Assistant Manager
575,Earlie Label,Thu Feb 06 2020 00:00:00 GMT-0300 (Brasilia Standard Time),VP Sales
576,Yancey Noke,Sun Nov 17 2019 00:00:00 GMT-0300 (Brasilia Standard Time),Nurse Practicioner
577,Gypsy Gennerich,Sat Jan 04 2020 00:00:00 GMT-0300 (Brasilia Standard Time),Research Nurse
578,Tammie Elphey,Fri Jul 26 2019 00:00:00 GMT-0300 (Brasilia Standard Time),Professor
579,Edithe McIlhagga,Thu Apr 04 2019 00:00:00 GMT-0300 (Brasilia Standard Time),Assistant Professor
580,Faulkner Conneely,Tue Apr 23 2019 00:00:00 GMT-0300 (Brasilia Standard Time),Community Outreach Specialist
581,Carmelia Crampton,Sat Apr 13 2019 00:00:00 GMT-0300 (Brasilia Standard Time),Internal Auditor
582,Helenelizabeth Bertl,Sat Nov 23 2019 00:00:00 GMT-0300 (Brasilia Standard Time),Clinical Specialist
583,Nicky Sainte Paul,Thu Dec 05 2019 00:00:00 GMT-0300 (Brasilia Standard Time),VP Accounting
584,Orton Formigli,Wed Oct 23 2019 00:00:00 GMT-0300 (Brasilia Standard Time),Data Coordiator
585,Gnni Farloe,Thu Mar 21 2019 00:00:00 GMT-0300 (Brasilia Standard Time),Payment Adjustment Coordinator
586,Richard Duckett,Tue Dec 10 2019 00:00:00 GMT-0300 (Brasilia Standard Time),Account Executive
587,Augie Soanes,Wed Feb 05 2020 00:00:00 GMT-0300 (Brasilia Standard Time),GIS Technical Architect
588,Curt Rubes,Mon Sep 09 2019 00:00:00 GMT-0300 (Brasilia Standard Time),VP Sales
589,Virginia Snookes,Fri May 10 2019 00:00:00 GMT-0300 (Brasilia Standard Time),Engineer IV
590,Lewie Anear,Wed Oct 02 2019 00:00:00 GMT-0300 (Brasilia Standard Time),Analog Circuit Design manager
591,Stormy Lanfare,Mon Sep 23 2019 00:00:00 GMT-0300 (Brasilia Standard Time),Staff Scientist
592,Evan Daniele,Wed Apr 24 2019 00:00:00 GMT-0300 (Brasilia Standard Time),Research Assistant III
593,Dana Mebs,Thu Apr 04 2019 00:00:00 GMT-0300 (Brasilia Standard Time),Assistant Manager
594,Blithe Lewsey,Sun Dec 15 2019 00:00:00 GMT-0300 (Brasilia Standard Time),Statistician I
595,Billy Teale,Fri May 03 2019 00:00:00 GMT-0300 (Brasilia Standard Time),Systems Administrator IV
596,Siward Tanzig,Thu May 23 2019 00:00:00 GMT-0300 (Brasilia Standard Time),Graphic Designer
597,Rozalie Czajka,Sat Jun 29 2019 00:00:00 GMT-0300 (Brasilia Standard Time),Structural Engineer
598,Dione Agott,Fri Jun 21 2019 00:00:00 GMT-0300 (Brasilia Standard Time),Human Resources Manager
599,Kameko Thirsk,Thu Mar 21 2019 00:00:00 GMT-0300 (Brasilia Standard Time),Director of Sales
600,Lu Haddon,Wed Aug 21 2019 00:00:00 GMT-0300 (Brasilia Standard Time),Quality Engineer
601,Britt Szymanowicz,Tue Nov 26 2019 00:00:00 GMT-0300 (Brasilia Standard Time),Human Resources Manager
602,Rayner Casero,Wed Jun 05 2019 00:00:00 GMT-0300 (Brasilia Standard Time),Recruiting Manager
603,Bebe MacAndrew,Sat Jan 11 2020 00:00:00 GMT-0300 (Brasilia Standard Time),Civil Engineer
604,Cleon Matuszkiewicz,Sat Dec 07 2019 00:00:00 GMT-0300 (Brasilia Standard Time),Automation Specialist IV
605,Cherry Duplain,Sat Oct 12 2019 00:00:00 GMT-0300 (Brasilia Standard Time),Computer Systems Analyst III
606,Curcio Terne,Thu Aug 01 2019 00:00:00 GMT-0300 (Brasilia Standard Time),Accounting Assistant IV
607,Basile Ferry,Thu Apr 25 2019 00:00:00 GMT-0300 (Brasilia Standard Time),Software Consultant
608,Jonis Dacey,Mon Mar 11 2019 00:00:00 GMT-0300 (Brasilia Standard Time),Mechanical Systems Engineer
609,Mervin Beardsell,Wed Apr 24 2019 00:00:00 GMT-0300 (Brasilia Standard Time),Electrical Engineer
610,Samaria Hugnet,Sun Jul 28 2019 00:00:00 GMT-0300 (Brasilia Standard Time),Editor
611,Ardelia Salle,Thu Aug 15 2019 00:00:00 GMT-0300 (Brasilia Standard Time),Recruiting Manager
612,Lottie Janikowski,Sat Oct 26 2019 00:00:00 GMT-0300 (Brasilia Standard Time),Staff Scientist
613,Melisande St Clair,Wed Jun 19 2019 00:00:00 GMT-0300 (Brasilia Standard Time),Research Nurse
614,Ingar Hefforde,Tue Jul 02 2019 00:00:00 GMT-0300 (Brasilia Standard Time),Speech Pathologist
615,Gallagher Snelling,Thu Jan 23 2020 00:00:00 GMT-0300 (Brasilia Standard Time),Accountant III
616,Gib Francescone,Fri Nov 29 2019 00:00:00 GMT-0300 (Brasilia Standard Time),Cost Accountant
617,Brade Bockings,Thu Jul 25 2019 00:00:00 GMT-0300 (Brasilia Standard Time),Physical Therapy Assistant
618,Tamara Calderhead,Fri Dec 27 2019 00:00:00 GMT-0300 (Brasilia Standard Time),Desktop Support Technician
619,Cesaro Kryszkiecicz,Mon Feb 03 2020 00:00:00 GMT-0300 (Brasilia Standard Time),Quality Control Specialist
620,Jacquenetta Stooders,Wed Nov 27 2019 00:00:00 GMT-0300 (Brasilia Standard Time),Research Nurse
621,Christin Boutton,Sat Sep 07 2019 00:00:00 GMT-0300 (Brasilia Standard Time),Biostatistician IV
622,Daisy Toleman,Mon Jul 01 2019 00:00:00 GMT-0300 (Brasilia Standard Time),Financial Analyst
623,Hoebart Braunter,Mon Jul 15 2019 00:00:00 GMT-0300 (Brasilia Standard Time),Desktop Support Technician
624,Douglass Buglar,Fri Sep 06 2019 00:00:00 GMT-0300 (Brasilia Standard Time),Senior Cost Accountant
625,D'arcy Garvin,Tue Mar 12 2019 00:00:00 GMT-0300 (Brasilia Standard Time),Senior Cost Accountant
626,Beverley Headley,Sat Nov 30 2019 00:00:00 GMT-0300 (Brasilia Standard Time),Professor
627,Baldwin Olyfat,Sun Dec 15 2019 00:00:00 GMT-0300 (Brasilia Standard Time),Media Manager I
628,Marni Adacot,Tue Sep 03 2019 00:00:00 GMT-0300 (Brasilia Standard Time),Programmer Analyst I
629,Elsey Trott,Sun Aug 18 2019 00:00:00 GMT-0300 (Brasilia Standard Time),Research Assistant II
630,Jaclyn Molfino,Sat Dec 21 2019 00:00:00 GMT-0300 (Brasilia Standard Time),Associate Professor
631,Luce Linning,Mon Sep 02 2019 00:00:00 GMT-0300 (Brasilia Standard Time),Senior Cost Accountant
632,Fredericka Frentz,Tue Mar 19 2019 00:00:00 GMT-0300 (Brasilia Standard Time),Payment Adjustment Coordinator
633,Matthias Deboick,Mon Jul 15 2019 00:00:00 GMT-0300 (Brasilia Standard Time),Graphic Designer
634,Pryce Remer,Fri Aug 23 2019 00:00:00 GMT-0300 (Brasilia Standard Time),Safety Technician I
635,Shelby Carlesso,Sun Apr 21 2019 00:00:00 GMT-0300 (Brasilia Standard Time),Senior Cost Accountant
636,Sapphire Barfitt,Tue Dec 03 2019 00:00:00 GMT-0300 (Brasilia Standard Time),Financial Analyst
637,Darcy Bakhrushkin,Sun Apr 14 2019 00:00:00 GMT-0300 (Brasilia Standard Time),Desktop Support Technician
638,Chan Vaillant,Wed Oct 16 2019 00:00:00 GMT-0300 (Brasilia Standard Time),Occupational Therapist
639,Kellia Angeau,Sat Dec 07 2019 00:00:00 GMT-0300 (Brasilia Standard Time),Environmental Tech
640,Ahmed Oscroft,Sun Jan 19 2020 00:00:00 GMT-0300 (Brasilia Standard Time),Speech Pathologist
641,Dukey Winchurst,Sun Sep 01 2019 00:00:00 GMT-0300 (Brasilia Standard Time),VP Quality Control
642,Benoite Zapater,Fri Apr 26 2019 00:00:00 GMT-0300 (Brasilia Standard Time),Director of Sales
643,Jeanine Mounsie,Sun Mar 24 2019 00:00:00 GMT-0300 (Brasilia Standard Time),Senior Developer
644,Rosalinde Caroline,Wed Nov 20 2019 00:00:00 GMT-0300 (Brasilia Standard Time),Social Worker
645,Linda Paulino,Wed Jul 31 2019 00:00:00 GMT-0300 (Brasilia Standard Time),Research Nurse
646,Shea Fillgate,Fri Dec 20 2019 00:00:00 GMT-0300 (Brasilia Standard Time),Environmental Tech
647,Casey Wentworth,Sat Apr 27 2019 00:00:00 GMT-0300 (Brasilia Standard Time),Occupational Therapist
648,Koo Besnardeau,Mon May 13 2019 00:00:00 GMT-0300 (Brasilia Standard Time),Nurse
649,Sax Guppey,Wed Dec 04 2019 00:00:00 GMT-0300 (Brasilia Standard Time),Environmental Specialist
650,Richart Lemmer,Wed Mar 20 2019 00:00:00 GMT-0300 (Brasilia Standard Time),Analyst Programmer
651,Grantham Bellefant,Wed May 29 2019 00:00:00 GMT-0300 (Brasilia Standard Time),Mechanical Systems Engineer
652,Isabella Masey,Tue Feb 26 2019 00:00:00 GMT-0300 (Brasilia Standard Time),Structural Engineer
653,Jourdan Galliford,Sat Aug 24 2019 00:00:00 GMT-0300 (Brasilia Standard Time),Technical Writer
654,Marcelle Ixor,Tue Feb 26 2019 00:00:00 GMT-0300 (Brasilia Standard Time),Accounting Assistant I
655,Benedict Van Eeden,Sat May 25 2019 00:00:00 GMT-0300 (Brasilia Standard Time),Database Administrator III
656,Ardys O'Kerin,Tue Apr 09 2019 00:00:00 GMT-0300 (Brasilia Standard Time),Environmental Specialist
657,Yettie Patriche,Wed May 01 2019 00:00:00 GMT-0300 (Brasilia Standard Time),Web Designer IV
658,Eustace Cameli,Wed May 22 2019 00:00:00 GMT-0300 (Brasilia Standard Time),Paralegal
659,Shamus Graddell,Sun Jul 07 2019 00:00:00 GMT-0300 (Brasilia Standard Time),Software Engineer II
660,Paquito Zanuciolii,Thu Dec 19 2019 00:00:00 GMT-0300 (Brasilia Standard Time),Internal Auditor
661,Kevan Bree,Mon Apr 15 2019 00:00:00 GMT-0300 (Brasilia Standard Time),Programmer Analyst II
662,Kelley Tivenan,Sun Nov 24 2019 00:00:00 GMT-0300 (Brasilia Standard Time),Registered Nurse
663,Lea Kitteringham,Sun Aug 25 2019 00:00:00 GMT-0300 (Brasilia Standard Time),Tax Accountant
664,Shaylynn Kienlein,Fri Jul 19 2019 00:00:00 GMT-0300 (Brasilia Standard Time),Chief Design Engineer
665,Becka Ausiello,Sat May 18 2019 00:00:00 GMT-0300 (Brasilia Standard Time),Paralegal
666,Ramona Rowsell,Thu Nov 28 2019 00:00:00 GMT-0300 (Brasilia Standard Time),Recruiting Manager
667,Glenna Matzen,Mon Jul 01 2019 00:00:00 GMT-0300 (Brasilia Standard Time),VP Accounting
668,Loralyn Cradock,Thu Sep 26 2019 00:00:00 GMT-0300 (Brasilia Standard Time),Administrative Assistant III
669,Gail Lowater,Thu Dec 05 2019 00:00:00 GMT-0300 (Brasilia Standard Time),Web Designer I
670,Ole Dow,Mon Jan 06 2020 00:00:00 GMT-0300 (Brasilia Standard Time),Senior Cost Accountant
671,Emmye Castle,Wed Feb 05 2020 00:00:00 GMT-0300 (Brasilia Standard Time),Senior Editor
672,Davidde Venour,Fri Mar 22 2019 00:00:00 GMT-0300 (Brasilia Standard Time),Nurse
673,Marcelia Cannop,Fri Oct 25 2019 00:00:00 GMT-0300 (Brasilia Standard Time),Director of Sales
674,Alfons Howard - Gater,Wed Aug 28 2019 00:00:00 GMT-0300 (Brasilia Standard Time),Programmer Analyst I
675,Donaugh Hagwood,Wed Jan 29 2020 00:00:00 GMT-0300 (Brasilia Standard Time),Software Consultant
676,Kincaid Seery,Tue Jul 09 2019 00:00:00 GMT-0300 (Brasilia Standard Time),VP Accounting
677,Renado Gero,Tue Oct 08 2019 00:00:00 GMT-0300 (Brasilia Standard Time),Junior Executive
678,Carlye Keenleyside,Mon Mar 25 2019 00:00:00 GMT-0300 (Brasilia Standard Time),Staff Scientist
679,Deonne Conquer,Tue Mar 12 2019 00:00:00 GMT-0300 (Brasilia Standard Time),General Manager
680,Sianna Warrick,Tue Apr 02 2019 00:00:00 GMT-0300 (Brasilia Standard Time),Automation Specialist III
681,Willy Waterstone,Sun Oct 27 2019 00:00:00 GMT-0300 (Brasilia Standard Time),Actuary
682,Estevan Gagen,Sat Jun 08 2019 00:00:00 GMT-0300 (Brasilia Standard Time),Electrical Engineer
683,Bradly Atteridge,Sat Aug 31 2019 00:00:00 GMT-0300 (Brasilia Standard Time),Actuary
684,Sheena Ottee,Thu Jan 16 2020 00:00:00 GMT-0300 (Brasilia Standard Time),Safety Technician IV
685,Pepita Doggart,Sun Aug 18 2019 00:00:00 GMT-0300 (Brasilia Standard Time),Sales Associate
686,Latrina Hedlestone,Fri Dec 06 2019 00:00:00 GMT-0300 (Brasilia Standard Time),Marketing Manager
687,Titos Laverock,Fri Mar 22 2019 00:00:00 GMT-0300 (Brasilia Standard Time),Programmer Analyst II
688,Gustavo De Ruggiero,Tue Oct 29 2019 00:00:00 GMT-0300 (Brasilia Standard Time),Programmer Analyst IV
689,Raphael Steenson,Wed May 15 2019 00:00:00 GMT-0300 (Brasilia Standard Time),Product Engineer
690,Barron Fish,Sun Oct 13 2019 00:00:00 GMT-0300 (Brasilia Standard Time),Marketing Manager
691,Harriet Ozintsev,Tue Jun 04 2019 00:00:00 GMT-0300 (Brasilia Standard Time),Financial Advisor
692,Jasmine Rosiello,Tue Sep 24 2019 00:00:00 GMT-0300 (Brasilia Standard Time),Civil Engineer
693,Tandy Fass,Sun Sep 01 2019 00:00:00 GMT-0300 (Brasilia Standard Time),Legal Assistant
694,Odie Alessandone,Thu Jul 11 2019 00:00:00 GMT-0300 (Brasilia Standard Time),Software Consultant
695,Mal Whiteford,Sat Mar 09 2019 00:00:00 GMT-0300 (Brasilia Standard Time),Data Coordiator
696,Andros Skey,Sun Apr 28 2019 00:00:00 GMT-0300 (Brasilia Standard Time),Administrative Officer
697,Peyter McAughtry,Fri Dec 27 2019 00:00:00 GMT-0300 (Brasilia Standard Time),Professor
698,Urban Kerrey,Tue Jan 28 2020 00:00:00 GMT-0300 (Brasilia Standard Time),Junior Executive
699,Dolores Peach,Mon Apr 29 2019 00:00:00 GMT-0300 (Brasilia Standard Time),VP Sales
700,Jack Warde,Mon Jan 27 2020 00:00:00 GMT-0300 (Brasilia Standard Time),Software Engineer III
701,Almeda Elliman,Fri Feb 22 2019 00:00:00 GMT-0300 (Brasilia Standard Time),Assistant Professor
702,Hadrian Eggins,Sun Mar 17 2019 00:00:00 GMT-0300 (Brasilia Standard Time),Electrical Engineer
703,Bobbe Duckham,Sun Feb 16 2020 00:00:00 GMT-0300 (Brasilia Standard Time),Sales Associate
704,Cobb Assiratti,Wed Jan 22 2020 00:00:00 GMT-0300 (Brasilia Standard Time),Tax Accountant
705,Spense Robrow,Wed Jul 17 2019 00:00:00 GMT-0300 (Brasilia Standard Time),Chief Design Engineer
706,Avis Dulwich,Fri Aug 02 2019 00:00:00 GMT-0300 (Brasilia Standard Time),Physical Therapy Assistant
707,Davida Vass,Sat Apr 20 2019 00:00:00 GMT-0300 (Brasilia Standard Time),Quality Control Specialist
708,Karry Burker,Fri Aug 02 2019 00:00:00 GMT-0300 (Brasilia Standard Time),Research Associate
709,Ange Montier,Tue Feb 11 2020 00:00:00 GMT-0300 (Brasilia Standard Time),VP Sales
710,Felicity Demeza,Thu Aug 22 2019 00:00:00 GMT-0300 (Brasilia Standard Time),Programmer IV
711,Megen Stuchburie,Wed Feb 12 2020 00:00:00 GMT-0300 (Brasilia Standard Time),Health Coach II
712,Barbee Longland,Mon Sep 02 2019 00:00:00 GMT-0300 (Brasilia Standard Time),Account Representative IV
713,Joanie Pesselt,Thu Jul 04 2019 00:00:00 GMT-0300 (Brasilia Standard Time),Dental Hygienist
714,Wainwright Cowlishaw,Sun May 26 2019 00:00:00 GMT-0300 (Brasilia Standard Time),Internal Auditor
715,Gail Fargher,Fri May 10 2019 00:00:00 GMT-0300 (Brasilia Standard Time),Office Assistant I
716,Donica Clibbery,Mon Dec 09 2019 00:00:00 GMT-0300 (Brasilia Standard Time),Media Manager III
717,Luise Godden,Mon Jun 17 2019 00:00:00 GMT-0300 (Brasilia Standard Time),Analog Circuit Design manager
718,Doretta Dunthorne,Sun Sep 22 2019 00:00:00 GMT-0300 (Brasilia Standard Time),Nurse
719,Obidiah Epinay,Tue Nov 05 2019 00:00:00 GMT-0300 (Brasilia Standard Time),Legal Assistant
720,Stephanie Finnick,Thu Jan 09 2020 00:00:00 GMT-0300 (Brasilia Standard Time),Structural Engineer
721,Renell Wroe,Sun Sep 22 2019 00:00:00 GMT-0300 (Brasilia Standard Time),General Manager
722,Gale Pinel,Thu Jan 09 2020 00:00:00 GMT-0300 (Brasilia Standard Time),Product Engineer
723,Ashia Breche,Thu Mar 14 2019 00:00:00 GMT-0300 (Brasilia Standard Time),Account Coordinator
724,Caterina Dadswell,Sun Sep 08 2019 00:00:00 GMT-0300 (Brasilia Standard Time),Business Systems Development Analyst
725,Gayla Pendlenton,Mon Dec 16 2019 00:00:00 GMT-0300 (Brasilia Standard Time),Pharmacist
726,Enrica McChesney,Sun Dec 22 2019 00:00:00 GMT-0300 (Brasilia Standard Time),Research Nurse
727,Rita Titmuss,Mon Dec 02 2019 00:00:00 GMT-0300 (Brasilia Standard Time),Legal Assistant
728,Stormie Circuit,Wed Jan 22 2020 00:00:00 GMT-0300 (Brasilia Standard Time),Actuary
729,Patrice Gannan,Sat Oct 05 2019 00:00:00 GMT-0300 (Brasilia Standard Time),Marketing Manager
730,Aaron Burbridge,Sun Aug 18 2019 00:00:00 GMT-0300 (Brasilia Standard Time),Programmer IV
731,Megen Coneau,Sun Dec 29 2019 00:00:00 GMT-0300 (Brasilia Standard Time),Editor
732,Fawnia Breach,Wed Jul 31 2019 00:00:00 GMT-0300 (Brasilia Standard Time),Teacher
733,Maxwell Steinham,Wed Oct 16 2019 00:00:00 GMT-0300 (Brasilia Standard Time),Safety Technician I
734,Yehudit Richardin,Thu Mar 07 2019 00:00:00 GMT-0300 (Brasilia Standard Time),Librarian
735,Rosalie Hysom,Wed Dec 04 2019 00:00:00 GMT-0300 (Brasilia Standard Time),Account Coordinator
736,Gray Derby,Wed Feb 20 2019 00:00:00 GMT-0300 (Brasilia Standard Time),Research Associate
737,Livvy World,Sun Oct 27 2019 00:00:00 GMT-0300 (Brasilia Standard Time),Statistician IV
738,Gaylor Matthis,Sun Apr 07 2019 00:00:00 GMT-0300 (Brasilia Standard Time),Environmental Tech
739,Heath Cheson,Thu Jul 18 2019 00:00:00 GMT-0300 (Brasilia Standard Time),Automation Specialist III
740,Caren Stopforth,Wed Dec 18 2019 00:00:00 GMT-0300 (Brasilia Standard Time),General Manager
741,Florina Cockson,Wed Oct 23 2019 00:00:00 GMT-0300 (Brasilia Standard Time),Professor
742,Nowell Fernando,Wed Sep 11 2019 00:00:00 GMT-0300 (Brasilia Standard Time),Cost Accountant
743,Olia Watting,Thu Mar 28 2019 00:00:00 GMT-0300 (Brasilia Standard Time),Health Coach I
744,Ab Dur,Fri Sep 06 2019 00:00:00 GMT-0300 (Brasilia Standard Time),Associate Professor
745,Kip Bearcroft,Mon May 20 2019 00:00:00 GMT-0300 (Brasilia Standard Time),Research Assistant II
746,Addie Leheude,Wed Jul 10 2019 00:00:00 GMT-0300 (Brasilia Standard Time),Director of Sales
747,Burr Broschke,Mon Jul 22 2019 00:00:00 GMT-0300 (Brasilia Standard Time),Geologist IV
748,Bartholomeo Taberer,Fri Nov 15 2019 00:00:00 GMT-0300 (Brasilia Standard Time),Accountant II
749,Josh Booeln,Mon Jul 08 2019 00:00:00 GMT-0300 (Brasilia Standard Time),VP Quality Control
750,Benedicta Sills,Wed Jul 03 2019 00:00:00 GMT-0300 (Brasilia Standard Time),Occupational Therapist
751,Lauretta Parratt,Tue Jul 30 2019 00:00:00 GMT-0300 (Brasilia Standard Time),Civil Engineer
752,Zelma Lelande,Thu Jun 13 2019 00:00:00 GMT-0300 (Brasilia Standard Time),Product Engineer
753,Breena Farraway,Fri Jul 05 2019 00:00:00 GMT-0300 (Brasilia Standard Time),General Manager
754,Zedekiah Kiendl,Sat May 25 2019 00:00:00 GMT-0300 (Brasilia Standard Time),Registered Nurse
755,Wyn Boulder,Thu May 02 2019 00:00:00 GMT-0300 (Brasilia Standard Time),Pharmacist
756,Robinia Flucker,Tue May 07 2019 00:00:00 GMT-0300 (Brasilia Standard Time),Accountant III
757,Gerome Spada,Sat Nov 16 2019 00:00:00 GMT-0300 (Brasilia Standard Time),Senior Quality Engineer
758,Glynda Gilliland,Wed Feb 20 2019 00:00:00 GMT-0300 (Brasilia Standard Time),Physical Therapy Assistant
759,Meridel Sutter,Fri Jun 07 2019 00:00:00 GMT-0300 (Brasilia Standard Time),Payment Adjustment Coordinator
760,Myca Statham,Thu Sep 19 2019 00:00:00 GMT-0300 (Brasilia Standard Time),Design Engineer
761,Simonne Beake,Sat Sep 07 2019 00:00:00 GMT-0300 (Brasilia Standard Time),Marketing Assistant
762,Ronnie Andreasen,Sun Jun 23 2019 00:00:00 GMT-0300 (Brasilia Standard Time),Pharmacist
763,Kip Meneer,Fri Jun 28 2019 00:00:00 GMT-0300 (Brasilia Standard Time),Health Coach II
764,Patti Roman,Tue Feb 04 2020 00:00:00 GMT-0300 (Brasilia Standard Time),Analyst Programmer
765,Giusto Weadick,Sat Feb 15 2020 00:00:00 GMT-0300 (Brasilia Standard Time),Analyst Programmer
766,Darlene Eversley,Sun Jun 16 2019 00:00:00 GMT-0300 (Brasilia Standard Time),Desktop Support Technician
767,Dennie Bedow,Fri Oct 18 2019 00:00:00 GMT-0300 (Brasilia Standard Time),Engineer II
768,Krysta McGilmartin,Thu Jun 20 2019 00:00:00 GMT-0300 (Brasilia Standard Time),Sales Associate
769,Jethro Cassin,Tue Feb 04 2020 00:00:00 GMT-0300 (Brasilia Standard Time),Help Desk Technician
770,Hillary Charlotte,Sat Feb 08 2020 00:00:00 GMT-0300 (Brasilia Standard Time),Speech Pathologist
771,Bernarr Tucknott,Sun Apr 14 2019 00:00:00 GMT-0300 (Brasilia Standard Time),Civil Engineer
772,Val Sholl,Fri Jul 05 2019 00:00:00 GMT-0300 (Brasilia Standard Time),Senior Quality Engineer
773,Berte Orrick,Sat Jun 29 2019 00:00:00 GMT-0300 (Brasilia Standard Time),Programmer Analyst I
774,Gael Barnhart,Sat Mar 09 2019 00:00:00 GMT-0300 (Brasilia Standard Time),Assistant Professor
775,Fanni Labone,Tue Apr 02 2019 00:00:00 GMT-0300 (Brasilia Standard Time),Chemical Engineer
776,Balduin Brentnall,Sat Jun 08 2019 00:00:00 GMT-0300 (Brasilia Standard Time),Computer Systems Analyst I
777,Wrennie Hague,Fri Apr 05 2019 00:00:00 GMT-0300 (Brasilia Standard Time),Accounting Assistant IV
778,Helenelizabeth Coolson,Mon Sep 30 2019 00:00:00 GMT-0300 (Brasilia Standard Time),Marketing Manager
779,Mikkel Francombe,Sun Oct 13 2019 00:00:00 GMT-0300 (Brasilia Standard Time),Recruiter
780,Amandi Threadkell,Sat Jul 06 2019 00:00:00 GMT-0300 (Brasilia Standard Time),Geological Engineer
781,Abra Ivashnyov,Sat Mar 09 2019 00:00:00 GMT-0300 (Brasilia Standard Time),Desktop Support Technician
782,Carolan Fligg,Fri Apr 26 2019 00:00:00 GMT-0300 (Brasilia Standard Time),Administrative Officer
783,Gerald Michurin,Thu Dec 12 2019 00:00:00 GMT-0300 (Brasilia Standard Time),Database Administrator I
784,Richmond Warde,Sun Aug 25 2019 00:00:00 GMT-0300 (Brasilia Standard Time),Librarian
785,Thaddus Jantel,Mon Mar 25 2019 00:00:00 GMT-0300 (Brasilia Standard Time),VP Quality Control
786,Francoise Longson,Fri Sep 27 2019 00:00:00 GMT-0300 (Brasilia Standard Time),Product Engineer
787,Buck Blinkhorn,Wed Dec 11 2019 00:00:00 GMT-0300 (Brasilia Standard Time),Research Associate
788,Bay Gillian,Sun Jul 14 2019 00:00:00 GMT-0300 (Brasilia Standard Time),Dental Hygienist
789,Tamara Gentery,Thu Mar 14 2019 00:00:00 GMT-0300 (Brasilia Standard Time),Systems Administrator III
790,Pamella Bare,Sat May 25 2019 00:00:00 GMT-0300 (Brasilia Standard Time),Senior Sales Associate
791,Tanney O'Clery,Fri Dec 27 2019 00:00:00 GMT-0300 (Brasilia Standard Time),Clinical Specialist
792,Cirillo Minchella,Wed Nov 27 2019 00:00:00 GMT-0300 (Brasilia Standard Time),Web Developer IV
793,Jenifer Axon,Thu Mar 14 2019 00:00:00 GMT-0300 (Brasilia Standard Time),General Manager
794,Lewes Glazebrook,Mon Jan 13 2020 00:00:00 GMT-0300 (Brasilia Standard Time),Teacher
795,Valentijn Bustin,Thu Mar 28 2019 00:00:00 GMT-0300 (Brasilia Standard Time),Database Administrator I
796,Christie Springham,Fri Jul 26 2019 00:00:00 GMT-0300 (Brasilia Standard Time),Help Desk Operator
797,Nikki Duckels,Thu Jan 23 2020 00:00:00 GMT-0300 (Brasilia Standard Time),Speech Pathologist
798,Ruy Buckoke,Thu Jan 23 2020 00:00:00 GMT-0300 (Brasilia Standard Time),Senior Quality Engineer
799,Shurlock Okker,Fri Nov 01 2019 00:00:00 GMT-0300 (Brasilia Standard Time),Staff Scientist
800,Wiley Ciotti,Sun Sep 08 2019 00:00:00 GMT-0300 (Brasilia Standard Time),Sales Associate
801,Wilona Prosser,Fri May 24 2019 00:00:00 GMT-0300 (Brasilia Standard Time),Structural Engineer
802,Iseabal Draijer,Sun Nov 10 2019 00:00:00 GMT-0300 (Brasilia Standard Time),Information Systems Manager
803,Clarey Holdron,Mon Dec 23 2019 00:00:00 GMT-0300 (Brasilia Standard Time),Assistant Manager
804,Stephan Gorges,Wed May 22 2019 00:00:00 GMT-0300 (Brasilia Standard Time),Financial Advisor
805,Donalt Abade,Tue Aug 13 2019 00:00:00 GMT-0300 (Brasilia Standard Time),Marketing Assistant
806,Cammie Jakuszewski,Fri Feb 07 2020 00:00:00 GMT-0300 (Brasilia Standard Time),Executive Secretary
807,Hamilton Fishlock,Tue Oct 08 2019 00:00:00 GMT-0300 (Brasilia Standard Time),Speech Pathologist
808,Aldrich Overell,Fri Feb 14 2020 00:00:00 GMT-0300 (Brasilia Standard Time),Media Manager I
809,Timmy Lichfield,Mon Oct 28 2019 00:00:00 GMT-0300 (Brasilia Standard Time),Product Engineer
810,Prinz Dowles,Mon Jul 29 2019 00:00:00 GMT-0300 (Brasilia Standard Time),Assistant Media Planner
811,Alford O'Duggan,Tue Feb 19 2019 00:00:00 GMT-0300 (Brasilia Standard Time),Technical Writer
812,Lu Mitchard,Tue Jan 14 2020 00:00:00 GMT-0300 (Brasilia Standard Time),Teacher
813,Emmaline Blenkinsopp,Sun Oct 27 2019 00:00:00 GMT-0300 (Brasilia Standard Time),Account Representative I
814,Lars Huerta,Sun Jun 16 2019 00:00:00 GMT-0300 (Brasilia Standard Time),Account Representative I
815,Helyn Iron,Wed May 01 2019 00:00:00 GMT-0300 (Brasilia Standard Time),Assistant Professor
816,Chris Gristwood,Mon Aug 05 2019 00:00:00 GMT-0300 (Brasilia Standard Time),Tax Accountant
817,Guntar Phythian,Tue Dec 17 2019 00:00:00 GMT-0300 (Brasilia Standard Time),Engineer III
818,Brandy Hasard,Sat Jan 25 2020 00:00:00 GMT-0300 (Brasilia Standard Time),Project Manager
819,Jasun Blackwell,Wed Jan 01 2020 00:00:00 GMT-0300 (Brasilia Standard Time),Desktop Support Technician
820,Janenna Pettko,Wed Jun 12 2019 00:00:00 GMT-0300 (Brasilia Standard Time),Staff Accountant III
821,Isac Meyer,Fri May 24 2019 00:00:00 GMT-0300 (Brasilia Standard Time),Senior Developer
822,Gwennie Alpin,Thu Mar 28 2019 00:00:00 GMT-0300 (Brasilia Standard Time),Automation Specialist III
823,Hermina Philp,Fri Jan 31 2020 00:00:00 GMT-0300 (Brasilia Standard Time),Legal Assistant
824,Ginni Lawton,Sun Aug 04 2019 00:00:00 GMT-0300 (Brasilia Standard Time),Account Executive
825,Agathe Sarrell,Mon Feb 10 2020 00:00:00 GMT-0300 (Brasilia Standard Time),Food Chemist
826,Gal Tourry,Wed Jan 01 2020 00:00:00 GMT-0300 (Brasilia Standard Time),Recruiting Manager
827,Jakie Hawthorne,Tue Dec 17 2019 00:00:00 GMT-0300 (Brasilia Standard Time),Financial Advisor
828,Siegfried Dungey,Wed Dec 04 2019 00:00:00 GMT-0300 (Brasilia Standard Time),Professor
829,Fernanda Francombe,Fri Dec 20 2019 00:00:00 GMT-0300 (Brasilia Standard Time),Environmental Specialist
830,Caryl Jacquemard,Thu Jun 20 2019 00:00:00 GMT-0300 (Brasilia Standard Time),Editor
831,Samson Frazer,Tue Nov 05 2019 00:00:00 GMT-0300 (Brasilia Standard Time),Director of Sales
832,Cozmo Whitnall,Wed Mar 20 2019 00:00:00 GMT-0300 (Brasilia Standard Time),Technical Writer
833,Vanessa Jahns,Sat Feb 15 2020 00:00:00 GMT-0300 (Brasilia Standard Time),Staff Scientist
834,Audry Legrave,Mon Apr 22 2019 00:00:00 GMT-0300 (Brasilia Standard Time),Staff Scientist
835,Shirley Mcasparan,Wed Sep 18 2019 00:00:00 GMT-0300 (Brasilia Standard Time),Programmer IV
836,Marysa Olcot,Wed Jan 15 2020 00:00:00 GMT-0300 (Brasilia Standard Time),Web Designer IV
837,Doloritas Hillett,Thu Aug 15 2019 00:00:00 GMT-0300 (Brasilia Standard Time),Assistant Manager
838,Linn Duddy,Thu Jul 11 2019 00:00:00 GMT-0300 (Brasilia Standard Time),Food Chemist
839,Garwin Mounfield,Thu May 30 2019 00:00:00 GMT-0300 (Brasilia Standard Time),Financial Analyst
840,Anica Endean,Thu Aug 22 2019 00:00:00 GMT-0300 (Brasilia Standard Time),Payment Adjustment Coordinator
841,Dasie Aberdein,Tue Mar 12 2019 00:00:00 GMT-0300 (Brasilia Standard Time),Chemical Engineer
842,Britteny Camelli,Wed Apr 17 2019 00:00:00 GMT-0300 (Brasilia Standard Time),Data Coordiator
843,Sybille Gulberg,Sat Nov 16 2019 00:00:00 GMT-0300 (Brasilia Standard Time),VP Marketing
844,Lamar Feasey,Sat Sep 07 2019 00:00:00 GMT-0300 (Brasilia Standard Time),Financial Analyst
845,Alexandrina McDuffie,Mon May 13 2019 00:00:00 GMT-0300 (Brasilia Standard Time),Human Resources Assistant II
846,Enrica Kintish,Fri Oct 11 2019 00:00:00 GMT-0300 (Brasilia Standard Time),Structural Analysis Engineer
847,Rodd Kiendl,Mon Oct 28 2019 00:00:00 GMT-0300 (Brasilia Standard Time),Web Developer III
848,Kelbee Allgood,Tue Aug 13 2019 00:00:00 GMT-0300 (Brasilia Standard Time),GIS Technical Architect
849,Torre Curston,Wed Mar 06 2019 00:00:00 GMT-0300 (Brasilia Standard Time),Director of Sales
850,Kamillah Oxenford,Sat Nov 16 2019 00:00:00 GMT-0300 (Brasilia Standard Time),Staff Scientist
851,Suellen Bampton,Fri Mar 15 2019 00:00:00 GMT-0300 (Brasilia Standard Time),Legal Assistant
852,Krissy Hardie,Wed Jun 12 2019 00:00:00 GMT-0300 (Brasilia Standard Time),Civil Engineer
853,Clara Wombwell,Sat Oct 19 2019 00:00:00 GMT-0300 (Brasilia Standard Time),Assistant Media Planner
854,Laraine Veldstra,Thu Feb 06 2020 00:00:00 GMT-0300 (Brasilia Standard Time),Teacher
855,Willabella Soars,Mon Feb 03 2020 00:00:00 GMT-0300 (Brasilia Standard Time),Health Coach IV
856,Waylin Ropcke,Thu Mar 21 2019 00:00:00 GMT-0300 (Brasilia Standard Time),Tax Accountant
857,Nonna Genty,Mon Mar 11 2019 00:00:00 GMT-0300 (Brasilia Standard Time),Information Systems Manager
858,Ken Bernardeau,Sat Jan 18 2020 00:00:00 GMT-0300 (Brasilia Standard Time),Software Engineer I
859,Forester Minerdo,Sun Jul 21 2019 00:00:00 GMT-0300 (Brasilia Standard Time),Sales Associate
860,Nefen Wybourne,Fri Feb 07 2020 00:00:00 GMT-0300 (Brasilia Standard Time),Nurse
861,Linn Linggood,Wed Jul 31 2019 00:00:00 GMT-0300 (Brasilia Standard Time),Community Outreach Specialist
862,Angie Bentson,Tue Jul 30 2019 00:00:00 GMT-0300 (Brasilia Standard Time),Senior Developer
863,Dore Gauler,Tue Feb 04 2020 00:00:00 GMT-0300 (Brasilia Standard Time),Human Resources Manager
864,Haleigh Lease,Wed May 29 2019 00:00:00 GMT-0300 (Brasilia Standard Time),Senior Editor
865,Prescott Fitzharris,Mon May 06 2019 00:00:00 GMT-0300 (Brasilia Standard Time),Mechanical Systems Engineer
866,Mallissa Novill,Wed Aug 21 2019 00:00:00 GMT-0300 (Brasilia Standard Time),Editor
867,Ike Aylott,Mon Aug 05 2019 00:00:00 GMT-0300 (Brasilia Standard Time),Engineer I
868,Gretna Whittock,Wed Aug 28 2019 00:00:00 GMT-0300 (Brasilia Standard Time),Administrative Officer
869,Alexandro Skewes,Tue Sep 03 2019 00:00:00 GMT-0300 (Brasilia Standard Time),Account Representative IV
870,Teodoro Hemstead,Fri Apr 12 2019 00:00:00 GMT-0300 (Brasilia Standard Time),Quality Control Specialist
871,Gardiner Caso,Mon Jan 06 2020 00:00:00 GMT-0300 (Brasilia Standard Time),Graphic Designer
872,Norry McLaughlin,Sat Oct 12 2019 00:00:00 GMT-0300 (Brasilia Standard Time),Nurse
873,Waneta Dongles,Tue Nov 26 2019 00:00:00 GMT-0300 (Brasilia Standard Time),Environmental Tech
874,Daveta Kitcher,Thu Oct 31 2019 00:00:00 GMT-0300 (Brasilia Standard Time),Senior Quality Engineer
875,Jehu Ferrick,Wed Dec 25 2019 00:00:00 GMT-0300 (Brasilia Standard Time),Chemical Engineer
876,Adelaida Koche,Fri Jul 26 2019 00:00:00 GMT-0300 (Brasilia Standard Time),Civil Engineer
877,Petr Bourdel,Tue Oct 29 2019 00:00:00 GMT-0300 (Brasilia Standard Time),Database Administrator IV
878,Lauritz Phippen,Tue Oct 01 2019 00:00:00 GMT-0300 (Brasilia Standard Time),Speech Pathologist
879,Aylmer Brill,Sat Mar 09 2019 00:00:00 GMT-0300 (Brasilia Standard Time),Cost Accountant
880,Robinett Ginty,Wed Jun 26 2019 00:00:00 GMT-0300 (Brasilia Standard Time),Marketing Assistant
881,Tades Mc Queen,Sat Feb 08 2020 00:00:00 GMT-0300 (Brasilia Standard Time),Senior Financial Analyst
882,Gail Colter,Thu Mar 07 2019 00:00:00 GMT-0300 (Brasilia Standard Time),Marketing Assistant
883,Carlita Goodinson,Mon Feb 10 2020 00:00:00 GMT-0300 (Brasilia Standard Time),Structural Engineer
884,Aubert Arnau,Sun Feb 09 2020 00:00:00 GMT-0300 (Brasilia Standard Time),Biostatistician IV
885,Sawyere Hathaway,Tue Dec 10 2019 00:00:00 GMT-0300 (Brasilia Standard Time),Account Executive
886,Luci Eagers,Sat Aug 17 2019 00:00:00 GMT-0300 (Brasilia Standard Time),Database Administrator III
887,Butch Bealing,Tue Sep 17 2019 00:00:00 GMT-0300 (Brasilia Standard Time),Account Executive
888,Inness Yuranovev,Tue Oct 15 2019 00:00:00 GMT-0300 (Brasilia Standard Time),Recruiter
889,Libbi McIlenna,Fri Sep 06 2019 00:00:00 GMT-0300 (Brasilia Standard Time),Accountant IV
890,Deana Lampel,Sat Sep 14 2019 00:00:00 GMT-0300 (Brasilia Standard Time),Software Engineer I
891,Hiram Lambdin,Sat Aug 17 2019 00:00:00 GMT-0300 (Brasilia Standard Time),Graphic Designer
892,Carr Barrick,Mon Dec 16 2019 00:00:00 GMT-0300 (Brasilia Standard Time),Database Administrator III
893,Davidson Tillett,Mon Aug 19 2019 00:00:00 GMT-0300 (Brasilia Standard Time),Analog Circuit Design manager
894,Fanchette Folonin,Sat Jan 11 2020 00:00:00 GMT-0300 (Brasilia Standard Time),Clinical Specialist
895,Britt Capstack,Mon Apr 15 2019 00:00:00 GMT-0300 (Brasilia Standard Time),Pharmacist
896,Steve Cheese,Mon Aug 12 2019 00:00:00 GMT-0300 (Brasilia Standard Time),Chemical Engineer
897,Suzy Odgers,Sun Dec 29 2019 00:00:00 GMT-0300 (Brasilia Standard Time),Biostatistician II
898,Marian Rohan,Tue Mar 12 2019 00:00:00 GMT-0300 (Brasilia Standard Time),Programmer III
899,Massimo Hegg,Tue Sep 17 2019 00:00:00 GMT-0300 (Brasilia Standard Time),Food Chemist
900,Agnese Fearnsides,Tue May 14 2019 00:00:00 GMT-0300 (Brasilia Standard Time),Electrical Engineer
901,Chet Rentz,Mon Oct 14 2019 00:00:00 GMT-0300 (Brasilia Standard Time),VP Marketing
902,Alphonso Sweeney,Mon Oct 28 2019 00:00:00 GMT-0300 (Brasilia Standard Time),Programmer Analyst IV
903,Bert Bontoft,Sun Jul 07 2019 00:00:00 GMT-0300 (Brasilia Standard Time),Nurse
904,Modestia Denisevich,Sat Aug 17 2019 00:00:00 GMT-0300 (Brasilia Standard Time),Junior Executive
905,Jordon Whistan,Wed Jun 12 2019 00:00:00 GMT-0300 (Brasilia Standard Time),Research Assistant IV
906,Winonah Schrei,Thu Jul 11 2019 00:00:00 GMT-0300 (Brasilia Standard Time),Food Chemist
907,Viki Caldroni,Sat Feb 23 2019 00:00:00 GMT-0300 (Brasilia Standard Time),Senior Editor
908,Mirelle Orford,Fri Oct 04 2019 00:00:00 GMT-0300 (Brasilia Standard Time),Sales Associate
909,Sabra Rannigan,Thu Dec 26 2019 00:00:00 GMT-0300 (Brasilia Standard Time),Civil Engineer
910,Nanete Dowse,Wed Nov 27 2019 00:00:00 GMT-0300 (Brasilia Standard Time),Cost Accountant
911,Marthena Shotter,Fri Oct 25 2019 00:00:00 GMT-0300 (Brasilia Standard Time),Accounting Assistant III
912,Karel Simonel,Thu Aug 01 2019 00:00:00 GMT-0300 (Brasilia Standard Time),VP Product Management
913,Amalie Samudio,Mon Jan 27 2020 00:00:00 GMT-0300 (Brasilia Standard Time),Senior Editor
914,Saraann Abramski,Wed Jan 22 2020 00:00:00 GMT-0300 (Brasilia Standard Time),Junior Executive
915,Haily Gogay,Thu Aug 01 2019 00:00:00 GMT-0300 (Brasilia Standard Time),Geologist III
916,Warde Dunning,Fri Dec 27 2019 00:00:00 GMT-0300 (Brasilia Standard Time),Librarian
917,Mart Capaldi,Sun Sep 01 2019 00:00:00 GMT-0300 (Brasilia Standard Time),Professor
918,Godiva Molan,Fri Sep 06 2019 00:00:00 GMT-0300 (Brasilia Standard Time),Recruiter
919,Cully Cowley,Mon Feb 03 2020 00:00:00 GMT-0300 (Brasilia Standard Time),Operator
920,Leesa Drawmer,Sun Mar 17 2019 00:00:00 GMT-0300 (Brasilia Standard Time),Help Desk Operator
921,Stephi Kift,Sat Jul 27 2019 00:00:00 GMT-0300 (Brasilia Standard Time),Assistant Media Planner
922,Windham Burgoine,Wed Oct 02 2019 00:00:00 GMT-0300 (Brasilia Standard Time),Dental Hygienist
923,Rolando Rickards,Sat Sep 07 2019 00:00:00 GMT-0300 (Brasilia Standard Time),Staff Accountant IV
924,Orren Chatten,Sun Jul 07 2019 00:00:00 GMT-0300 (Brasilia Standard Time),Automation Specialist IV
925,Cassandry Bleasby,Mon May 27 2019 00:00:00 GMT-0300 (Brasilia Standard Time),Programmer I
926,Reagan Linton,Sat Jun 29 2019 00:00:00 GMT-0300 (Brasilia Standard Time),Administrative Assistant I
927,Angy Ackermann,Thu Apr 25 2019 00:00:00 GMT-0300 (Brasilia Standard Time),Statistician III
928,Tori Layman,Tue Aug 06 2019 00:00:00 GMT-0300 (Brasilia Standard Time),Civil Engineer
929,Stafani Rexworthy,Mon Sep 16 2019 00:00:00 GMT-0300 (Brasilia Standard Time),Food Chemist
930,Winnie Jiggle,Fri Aug 09 2019 00:00:00 GMT-0300 (Brasilia Standard Time),Systems Administrator III
931,Ethelred Feltham,Sun Apr 14 2019 00:00:00 GMT-0300 (Brasilia Standard Time),Paralegal
932,Layla Bahlmann,Tue Sep 03 2019 00:00:00 GMT-0300 (Brasilia Standard Time),Analyst Programmer
933,Ekaterina Sherreard,Tue Apr 23 2019 00:00:00 GMT-0300 (Brasilia Standard Time),Associate Professor
934,Gelya Stone,Tue Aug 20 2019 00:00:00 GMT-0300 (Brasilia Standard Time),Chemical Engineer
935,Scarface Ayre,Fri Jan 31 2020 00:00:00 GMT-0300 (Brasilia Standard Time),Tax Accountant
936,Lorinda Hassan,Wed Sep 04 2019 00:00:00 GMT-0300 (Brasilia Standard Time),Software Test Engineer III
937,Benedetta Billison,Mon Jan 13 2020 00:00:00 GMT-0300 (Brasilia Standard Time),Staff Scientist
938,Evey Gowanson,Mon Jul 22 2019 00:00:00 GMT-0300 (Brasilia Standard Time),Computer Systems Analyst II
939,Ginger Newbury,Thu Oct 17 2019 00:00:00 GMT-0300 (Brasilia Standard Time),Senior Financial Analyst
940,Coop Bluck,Mon Jul 15 2019 00:00:00 GMT-0300 (Brasilia Standard Time),Compensation Analyst
941,Lacie Bleue,Thu Oct 10 2019 00:00:00 GMT-0300 (Brasilia Standard Time),General Manager
942,Staci Walkden,Sat Oct 19 2019 00:00:00 GMT-0300 (Brasilia Standard Time),Director of Sales
943,Benito Makeswell,Sat Dec 14 2019 00:00:00 GMT-0300 (Brasilia Standard Time),Internal Auditor
944,Sergei Shaves,Tue Jun 04 2019 00:00:00 GMT-0300 (Brasilia Standard Time),Senior Developer
945,Piggy Eates,Tue Feb 19 2019 00:00:00 GMT-0300 (Brasilia Standard Time),Recruiting Manager
946,Angele Baldree,Mon Jun 17 2019 00:00:00 GMT-0300 (Brasilia Standard Time),Clinical Specialist
947,Kennith Josiah,Sat Aug 31 2019 00:00:00 GMT-0300 (Brasilia Standard Time),Cost Accountant
948,Auguste Silver,Mon Oct 21 2019 00:00:00 GMT-0300 (Brasilia Standard Time),Sales Representative
949,Adolph Dimitrijevic,Mon Sep 16 2019 00:00:00 GMT-0300 (Brasilia Standard Time),Physical Therapy Assistant
950,Channa Scade,Sat Jan 18 2020 00:00:00 GMT-0300 (Brasilia Standard Time),Senior Quality Engineer
951,Salomi Dawidowicz,Wed Oct 16 2019 00:00:00 GMT-0300 (Brasilia Standard Time),Legal Assistant
952,Rolland Rooksby,Tue Feb 26 2019 00:00:00 GMT-0300 (Brasilia Standard Time),Help Desk Technician
953,Mindy Pybworth,Sat Oct 26 2019 00:00:00 GMT-0300 (Brasilia Standard Time),Civil Engineer
954,Erv Lillegard,Wed May 22 2019 00:00:00 GMT-0300 (Brasilia Standard Time),Geological Engineer
955,Kalie Kiessel,Sun Jul 28 2019 00:00:00 GMT-0300 (Brasilia Standard Time),Senior Cost Accountant
956,Tristan Oulner,Sat Dec 28 2019 00:00:00 GMT-0300 (Brasilia Standard Time),Electrical Engineer
957,Mattie Whitney,Sat Oct 05 2019 00:00:00 GMT-0300 (Brasilia Standard Time),Staff Accountant III
958,Nikolaos Pettisall,Tue Aug 13 2019 00:00:00 GMT-0300 (Brasilia Standard Time),Biostatistician IV
959,Susie Donnell,Mon Nov 18 2019 00:00:00 GMT-0300 (Brasilia Standard Time),Structural Engineer
960,Callie Bowen,Wed Sep 25 2019 00:00:00 GMT-0300 (Brasilia Standard Time),Food Chemist
961,Jessamine Sharrocks,Fri Jan 17 2020 00:00:00 GMT-0300 (Brasilia Standard Time),Biostatistician I
962,Talbert Midgely,Wed May 01 2019 00:00:00 GMT-0300 (Brasilia Standard Time),Senior Quality Engineer
963,Jan Caron,Mon Apr 29 2019 00:00:00 GMT-0300 (Brasilia Standard Time),Marketing Assistant
964,Corie Thomasson,Tue Nov 05 2019 00:00:00 GMT-0300 (Brasilia Standard Time),Engineer III
965,Brande Nobes,Sat Feb 08 2020 00:00:00 GMT-0300 (Brasilia Standard Time),Quality Control Specialist
966,Monique Rudgerd,Sun Oct 20 2019 00:00:00 GMT-0300 (Brasilia Standard Time),Database Administrator III
967,Clemmy Wisby,Sun Jul 07 2019 00:00:00 GMT-0300 (Brasilia Standard Time),Cost Accountant
968,Gerome Clemanceau,Mon May 13 2019 00:00:00 GMT-0300 (Brasilia Standard Time),Compensation Analyst
969,Grady Basson,Sun Feb 02 2020 00:00:00 GMT-0300 (Brasilia Standard Time),Executive Secretary
970,Domenic Pay,Fri Nov 29 2019 00:00:00 GMT-0300 (Brasilia Standard Time),Database Administrator III
971,Stevie Cardoe,Fri Jan 24 2020 00:00:00 GMT-0300 (Brasilia Standard Time),Project Manager
972,Gennifer Bartlomiej,Sun Sep 15 2019 00:00:00 GMT-0300 (Brasilia Standard Time),Executive Secretary
973,Ernesta Brech,Mon Nov 04 2019 00:00:00 GMT-0300 (Brasilia Standard Time),Quality Control Specialist
974,Christoforo Shepherd,Tue Jul 23 2019 00:00:00 GMT-0300 (Brasilia Standard Time),Nuclear Power Engineer
975,Ximenez Matchitt,Mon Mar 04 2019 00:00:00 GMT-0300 (Brasilia Standard Time),Environmental Specialist
976,Avrom Laviste,Tue Jul 02 2019 00:00:00 GMT-0300 (Brasilia Standard Time),Senior Cost Accountant
977,Rozalin Stang-Gjertsen,Mon May 06 2019 00:00:00 GMT-0300 (Brasilia Standard Time),Executive Secretary
978,Gustave Brookwell,Tue Dec 31 2019 00:00:00 GMT-0300 (Brasilia Standard Time),Software Test Engineer II
979,Jenni Beggi,Mon Dec 30 2019 00:00:00 GMT-0300 (Brasilia Standard Time),GIS Technical Architect
980,Glynn Buret,Fri Dec 06 2019 00:00:00 GMT-0300 (Brasilia Standard Time),Design Engineer
981,Chick Fugere,Fri Oct 18 2019 00:00:00 GMT-0300 (Brasilia Standard Time),Help Desk Technician
982,Karlis Haliburton,Fri Nov 01 2019 00:00:00 GMT-0300 (Brasilia Standard Time),Chemical Engineer
983,Leticia Burree,Tue Mar 05 2019 00:00:00 GMT-0300 (Brasilia Standard Time),Project Manager
984,Andrew Malkin,Sun Sep 15 2019 00:00:00 GMT-0300 (Brasilia Standard Time),Director of Sales
985,Diannne Izkovitch,Thu May 16 2019 00:00:00 GMT-0300 (Brasilia Standard Time),Structural Analysis Engineer
986,Thebault Colquit,Mon Dec 09 2019 00:00:00 GMT-0300 (Brasilia Standard Time),Accountant III
987,Erwin Wentworth,Tue Jul 02 2019 00:00:00 GMT-0300 (Brasilia Standard Time),Analyst Programmer
988,Jarrett Secrett,Mon Nov 04 2019 00:00:00 GMT-0300 (Brasilia Standard Time),Electrical Engineer
989,Barth Gettens,Mon Aug 26 2019 00:00:00 GMT-0300 (Brasilia Standard Time),Dental Hygienist
990,Tobias Thornhill,Thu Nov 07 2019 00:00:00 GMT-0300 (Brasilia Standard Time),Account Coordinator
991,Timothea Samwayes,Sat Aug 03 2019 00:00:00 GMT-0300 (Brasilia Standard Time),Geological Engineer
992,Shayna Crosser,Sun Jun 30 2019 00:00:00 GMT-0300 (Brasilia Standard Time),Compensation Analyst
993,Irvin Demageard,Mon Mar 11 2019 00:00:00 GMT-0300 (Brasilia Standard Time),Database Administrator IV
994,Cchaddie Kleinzweig,Sat Apr 13 2019 00:00:00 GMT-0300 (Brasilia Standard Time),Registered Nurse
995,Concordia Gath,Sat Jun 29 2019 00:00:00 GMT-0300 (Brasilia Standard Time),Help Desk Operator
996,Davie Ferson,Tue Mar 05 2019 00:00:00 GMT-0300 (Brasilia Standard Time),Senior Editor
997,Zorana Eustice,Mon Jul 01 2019 00:00:00 GMT-0300 (Brasilia Standard Time),Project Manager
998,Lurleen Oliveti,Thu Oct 10 2019 00:00:00 GMT-0300 (Brasilia Standard Time),Web Designer III
999,Alfonse Hilary,Mon Jul 15 2019 00:00:00 GMT-0300 (Brasilia Standard Time),Occupational Therapist
1000,Octavius Hallford,Mon May 06 2019 00:00:00 GMT-0300 (Brasilia Standard Time),Technical Writer
1001,Charmaine Allsep,Wed Jul 24 2019 00:00:00 GMT-0300 (Brasilia Standard Time),Budget/Accounting Analyst III
1002,Claude Giggs,Thu Jul 04 2019 00:00:00 GMT-0300 (Brasilia Standard Time),Business Systems Development Analyst
